[{"model": "wagtailresdigitacom.pagehome", "pk": 6, "fields": {"content": "<p data-block-key=\"ixzjj\">Test Page!</p>"}}, {"model": "wagtailresdigitacom.pagehome", "pk": 7, "fields": {"content": "<p data-block-key=\"ixzjj\">Page de test!</p>"}}, {"model": "base.navigationsettings", "pk": 1, "fields": {"linkedin_url": "https://www.linkedin.com/company/resdigita/", "github_url": "https://github.com/resdigi/"}}, {"model": "home.homepage", "pk": 3, "fields": {"image": null, "hero_text": "", "hero_cta": "", "hero_cta_link": null}}, {"model": "blog.blogindexpage", "pk": 8, "fields": {"intro": "<p data-block-key=\"zp1sj\">Notre blog</p>"}}, {"model": "blog.blogpagetag", "pk": 1, "fields": {"tag": 1, "content_object": 10}}, {"model": "blog.blogpagetag", "pk": 2, "fields": {"tag": 2, "content_object": 11}}, {"model": "blog.blogpage", "pk": 10, "fields": {"date": "2025-02-08", "intro": "Blog Page 1", "body": "", "authors": []}}, {"model": "blog.blogpage", "pk": 11, "fields": {"date": "2025-02-03", "intro": "Voilà la page 2 du blog, le web", "body": "", "authors": []}}, {"model": "blog.blogpagegalleryimage", "pk": 1, "fields": {"sort_order": 0, "page": 10, "image": 1, "caption": ""}}, {"model": "blog.blogpagegalleryimage", "pk": 2, "fields": {"sort_order": 0, "page": 11, "image": 2, "caption": ""}}, {"model": "project.projectindexpage", "pk": 9, "fields": {"intro": "<p data-block-key=\"izm99\">Nos Projets</p>"}}, {"model": "project.projectpagetag", "pk": 4, "fields": {"tag": 1, "content_object": 12}}, {"model": "project.projectpagetag", "pk": 5, "fields": {"tag": 2, "content_object": 13}}, {"model": "project.projectpage", "pk": 12, "fields": {"intro": "Notre premier projet", "body": "", "image": 3}}, {"model": "project.projectpage", "pk": 13, "fields": {"intro": "Notre deuxième projet", "body": "", "image": 4}}, {"model": "wagtailusers.userprofile", "pk": 1, "fields": {"user": 1, "submitted_notifications": true, "approved_notifications": true, "rejected_notifications": true, "updated_comments_notifications": true, "preferred_language": "", "current_time_zone": "", "avatar": "", "dismissibles": {"help": true, "whats-new-in-wagtail-6.2": true, "editor-guide": true}, "theme": "system", "contrast": "system", "density": "default"}}, {"model": "wagtaildocs.document", "pk": 1, "fields": {"collection": 1, "title": "ASUP2D3", "file": "documents/ASUP2D3.pdf", "created_at": "2025-01-28T15:49:34.828Z", "uploaded_by_user": 1, "file_size": 15291123, "file_hash": "42aae244b283dc54dde1caaecd963e29f1dcb938"}}, {"model": "wagtailimages.image", "pk": 1, "fields": {"collection": 1, "title": "IMG-20241230-WA0000", "file": "original_images/IMG-20241230-WA0000.jpg", "description": "", "width": 1132, "height": 1600, "created_at": "2025-01-28T15:45:36.317Z", "uploaded_by_user": 1, "focal_point_x": null, "focal_point_y": null, "focal_point_width": null, "focal_point_height": null, "file_size": 214942, "file_hash": "0e11983078526f4b9fb7594496fcbbdf657b4f05"}}, {"model": "wagtailimages.image", "pk": 2, "fields": {"collection": 1, "title": "DSC09229", "file": "original_images/DSC09229.JPG", "description": "", "width": 1920, "height": 1920, "created_at": "2025-02-19T12:40:34.453Z", "uploaded_by_user": 1, "focal_point_x": null, "focal_point_y": null, "focal_point_width": null, "focal_point_height": null, "file_size": 519123, "file_hash": "497777dd1fb56d51d8a59e7b9a5d743d1f887410"}}, {"model": "wagtailimages.image", "pk": 3, "fields": {"collection": 1, "title": "Subway", "file": "original_images/DSC08844.JPG", "description": "", "width": 1920, "height": 1920, "created_at": "2025-02-19T13:59:13.399Z", "uploaded_by_user": 1, "focal_point_x": null, "focal_point_y": null, "focal_point_width": null, "focal_point_height": null, "file_size": 719485, "file_hash": "06f14dde3019e3819260b814b6755f1314e10a14"}}, {"model": "wagtailimages.image", "pk": 4, "fields": {"collection": 1, "title": "group-of-persons", "file": "original_images/DSC08923.JPG", "description": "", "width": 1920, "height": 1920, "created_at": "2025-02-19T14:00:16.835Z", "uploaded_by_user": 1, "focal_point_x": null, "focal_point_y": null, "focal_point_width": null, "focal_point_height": null, "file_size": 839812, "file_hash": "cd2916662bc4fb9aa4552b44a0febb768273667a"}}, {"model": "wagtailimages.rendition", "pk": 1, "fields": {"filter_spec": "max-800x600", "file": "images/IMG-20241230-WA0000.max-800x600.jpg", "width": 424, "height": 600, "focal_point_key": "", "image": 1}}, {"model": "wagtailimages.rendition", "pk": 2, "fields": {"filter_spec": "width-800", "file": "images/IMG-20241230-WA0000.width-800.jpg", "width": 800, "height": 1130, "focal_point_key": "", "image": 1}}, {"model": "wagtailimages.rendition", "pk": 3, "fields": {"filter_spec": "width-500", "file": "images/IMG-20241230-WA0000.width-500.jpg", "width": 500, "height": 706, "focal_point_key": "", "image": 1}}, {"model": "wagtailimages.rendition", "pk": 4, "fields": {"filter_spec": "max-165x165", "file": "images/IMG-20241230-WA0000.max-165x165.jpg", "width": 116, "height": 165, "focal_point_key": "", "image": 1}}, {"model": "wagtailimages.rendition", "pk": 5, "fields": {"filter_spec": "max-165x165", "file": "images/DSC09229.max-165x165.jpg", "width": 165, "height": 165, "focal_point_key": "", "image": 2}}, {"model": "wagtailimages.rendition", "pk": 6, "fields": {"filter_spec": "fill-160x100", "file": "images/DSC09229.2e16d0ba.fill-160x100.jpg", "width": 160, "height": 100, "focal_point_key": "2e16d0ba", "image": 2}}, {"model": "wagtailimages.rendition", "pk": 7, "fields": {"filter_spec": "fill-160x100", "file": "images/IMG-20241230-WA0000.2e16d0ba.fill-160x100.jpg", "width": 160, "height": 100, "focal_point_key": "2e16d0ba", "image": 1}}, {"model": "wagtailimages.rendition", "pk": 8, "fields": {"filter_spec": "fill-320x240", "file": "images/IMG-20241230-WA0000.2e16d0ba.fill-320x240.jpg", "width": 320, "height": 240, "focal_point_key": "2e16d0ba", "image": 1}}, {"model": "wagtailimages.rendition", "pk": 9, "fields": {"filter_spec": "max-165x165", "file": "images/DSC08844.max-165x165.jpg", "width": 165, "height": 165, "focal_point_key": "", "image": 3}}, {"model": "wagtailimages.rendition", "pk": 10, "fields": {"filter_spec": "max-165x165", "file": "images/DSC08923.max-165x165.jpg", "width": 165, "height": 165, "focal_point_key": "", "image": 4}}, {"model": "wagtailimages.rendition", "pk": 11, "fields": {"filter_spec": "fill-160x160", "file": "images/DSC08844.2e16d0ba.fill-160x160.jpg", "width": 160, "height": 160, "focal_point_key": "2e16d0ba", "image": 3}}, {"model": "wagtailimages.rendition", "pk": 12, "fields": {"filter_spec": "fill-160x160", "file": "images/DSC08923.2e16d0ba.fill-160x160.jpg", "width": 160, "height": 160, "focal_point_key": "2e16d0ba", "image": 4}}, {"model": "wagtailsearch.sqliteftsindexentry", "pk": 2, "fields": {"autocomplete": "IMG-20241230-WA0000", "title": "IMG-20241230-WA0000", "body": ""}}, {"model": "wagtailsearch.sqliteftsindexentry", "pk": 3, "fields": {"autocomplete": "ASUP2D3", "title": "ASUP2D3", "body": ""}}, {"model": "wagtailsearch.sqliteftsindexentry", "pk": 4, "fields": {"autocomplete": "Root", "title": "Root", "body": ""}}, {"model": "wagtailsearch.sqliteftsindexentry", "pk": 6, "fields": {"autocomplete": "Test Site", "title": "Test Site", "body": ""}}, {"model": "wagtailsearch.sqliteftsindexentry", "pk": 7, "fields": {"autocomplete": "Site de test", "title": "Site de test", "body": ""}}, {"model": "wagtailsearch.sqliteftsindexentry", "pk": 8, "fields": {"autocomplete": "blog", "title": "blog", "body": ""}}, {"model": "wagtailsearch.sqliteftsindexentry", "pk": 9, "fields": {"autocomplete": "projects", "title": "projects", "body": ""}}, {"model": "wagtailsearch.sqliteftsindexentry", "pk": 10, "fields": {"autocomplete": "Blog Page 1", "title": "Blog Page 1", "body": "Blog Page 1 "}}, {"model": "wagtailsearch.sqliteftsindexentry", "pk": 11, "fields": {"autocomplete": "DSC09229", "title": "DSC09229", "body": ""}}, {"model": "wagtailsearch.sqliteftsindexentry", "pk": 12, "fields": {"autocomplete": "Blog Page 2", "title": "Blog Page 2", "body": "Voilà la page 2 du blog, le web "}}, {"model": "wagtailsearch.sqliteftsindexentry", "pk": 13, "fields": {"autocomplete": "Project 1", "title": "Project 1", "body": "Notre premier projet "}}, {"model": "wagtailsearch.sqliteftsindexentry", "pk": 14, "fields": {"autocomplete": "Projet 2", "title": "Projet 2", "body": "Notre deuxième projet "}}, {"model": "wagtailsearch.sqliteftsindexentry", "pk": 15, "fields": {"autocomplete": "Subway", "title": "Subway", "body": ""}}, {"model": "wagtailsearch.sqliteftsindexentry", "pk": 16, "fields": {"autocomplete": "group-of-persons", "title": "group-of-persons", "body": ""}}, {"model": "wagtailsearch.indexentry", "pk": 2, "fields": {"content_type": 28, "object_id": "1", "title_norm": 0.7368421052631579, "autocomplete": "IMG-20241230-WA0000", "title": "IMG-20241230-WA0000", "body": ""}}, {"model": "wagtailsearch.indexentry", "pk": 3, "fields": {"content_type": 27, "object_id": "1", "title_norm": 1.6666666666666665, "autocomplete": "ASUP2D3", "title": "ASUP2D3", "body": ""}}, {"model": "wagtailsearch.indexentry", "pk": 4, "fields": {"content_type": 1, "object_id": "1", "title_norm": 2.4375, "autocomplete": "Root", "title": "Root", "body": ""}}, {"model": "wagtailsearch.indexentry", "pk": 6, "fields": {"content_type": 45, "object_id": "6", "title_norm": 2.125, "autocomplete": "Test Site", "title": "Test Site", "body": ""}}, {"model": "wagtailsearch.indexentry", "pk": 7, "fields": {"content_type": 45, "object_id": "7", "title_norm": 1.9, "autocomplete": "Site de test", "title": "Site de test", "body": ""}}, {"model": "wagtailsearch.indexentry", "pk": 8, "fields": {"content_type": 49, "object_id": "8", "title_norm": 2.2916666666666665, "autocomplete": "blog", "title": "blog", "body": ""}}, {"model": "wagtailsearch.indexentry", "pk": 9, "fields": {"content_type": 55, "object_id": "9", "title_norm": 1.125, "autocomplete": "projects", "title": "projects", "body": ""}}, {"model": "wagtailsearch.indexentry", "pk": 10, "fields": {"content_type": 50, "object_id": "10", "title_norm": 0.8409090909090909, "autocomplete": "Blog Page 1", "title": "Blog Page 1", "body": "Blog Page 1 "}}, {"model": "wagtailsearch.indexentry", "pk": 11, "fields": {"content_type": 28, "object_id": "2", "title_norm": 1.1388888888888888, "autocomplete": "DSC09229", "title": "DSC09229", "body": ""}}, {"model": "wagtailsearch.indexentry", "pk": 12, "fields": {"content_type": 50, "object_id": "11", "title_norm": 0.8454545454545456, "autocomplete": "Blog Page 2", "title": "Blog Page 2", "body": "Voilà la page 2 du blog, le web "}}, {"model": "wagtailsearch.indexentry", "pk": 13, "fields": {"content_type": 56, "object_id": "12", "title_norm": 1.0303030303030303, "autocomplete": "Project 1", "title": "Project 1", "body": "Notre premier projet "}}, {"model": "wagtailsearch.indexentry", "pk": 14, "fields": {"content_type": 56, "object_id": "13", "title_norm": 1.1458333333333333, "autocomplete": "Projet 2", "title": "Projet 2", "body": "Notre deuxième projet "}}, {"model": "wagtailsearch.indexentry", "pk": 15, "fields": {"content_type": 28, "object_id": "3", "title_norm": 1.4871794871794872, "autocomplete": "Subway", "title": "Subway", "body": ""}}, {"model": "wagtailsearch.indexentry", "pk": 16, "fields": {"content_type": 28, "object_id": "4", "title_norm": 0.5892857142857143, "autocomplete": "group-of-persons", "title": "group-of-persons", "body": ""}}, {"model": "wagtailcore.locale", "pk": 1, "fields": {"language_code": "en"}}, {"model": "wagtailcore.locale", "pk": 2, "fields": {"language_code": "fr"}}, {"model": "wagtailcore.site", "pk": 3, "fields": {"hostname": "localhost", "port": 80, "site_name": "Test", "root_page": 6, "is_default_site": true}}, {"model": "wagtailcore.modellogentry", "pk": 1, "fields": {"content_type": 5, "label": "Français", "action": "wagtail.create", "data": {}, "timestamp": "2025-01-28T16:39:16.672Z", "uuid": "a75fb8e0-e81d-4ef8-b87b-46abefd0c096", "user": 1, "revision": null, "content_changed": true, "deleted": false, "object_id": "2"}}, {"model": "wagtailcore.modellogentry", "pk": 2, "fields": {"content_type": 5, "label": "English", "action": "wagtail.edit", "data": {}, "timestamp": "2025-01-28T16:39:20.000Z", "uuid": "ebdfb044-fbff-4ba5-a689-06cfc226ea5f", "user": 1, "revision": null, "content_changed": false, "deleted": false, "object_id": "1"}}, {"model": "wagtailcore.modellogentry", "pk": 3, "fields": {"content_type": 6, "label": "localhost [défaut]", "action": "wagtail.edit", "data": {}, "timestamp": "2025-01-28T16:50:52.271Z", "uuid": "8abf8e0e-5ab2-48bf-a2a7-a67416f122e3", "user": 1, "revision": null, "content_changed": true, "deleted": false, "object_id": "2"}}, {"model": "wagtailcore.modellogentry", "pk": 4, "fields": {"content_type": 6, "label": "localhost [défaut]", "action": "wagtail.delete", "data": {}, "timestamp": "2025-01-28T16:55:47.040Z", "uuid": "5c5f070f-d0ee-483d-95dd-deeb934c425b", "user": 1, "revision": null, "content_changed": false, "deleted": false, "object_id": "2"}}, {"model": "wagtailcore.modellogentry", "pk": 5, "fields": {"content_type": 6, "label": "Test [défaut]", "action": "wagtail.create", "data": {}, "timestamp": "2025-01-28T16:56:03.061Z", "uuid": "5e5ba73a-0742-45a3-9a2b-8c332b2afa0b", "user": 1, "revision": null, "content_changed": true, "deleted": false, "object_id": "3"}}, {"model": "wagtailcore.modellogentry", "pk": 6, "fields": {"content_type": 6, "label": "Site de test", "action": "wagtail.create", "data": {}, "timestamp": "2025-01-28T16:56:27.850Z", "uuid": "adf41e96-327a-4a0a-9815-de61213289d3", "user": 1, "revision": null, "content_changed": true, "deleted": false, "object_id": "4"}}, {"model": "wagtailcore.modellogentry", "pk": 7, "fields": {"content_type": 6, "label": "Site de test", "action": "wagtail.delete", "data": {}, "timestamp": "2025-01-28T16:56:34.193Z", "uuid": "de5deb97-7536-4865-8c2a-0a12e5304226", "user": 1, "revision": null, "content_changed": false, "deleted": false, "object_id": "4"}}, {"model": "wagtailcore.modellogentry", "pk": 8, "fields": {"content_type": 6, "label": "Test [défaut]", "action": "wagtail.edit", "data": {}, "timestamp": "2025-01-28T16:56:37.420Z", "uuid": "8ae86b38-6d87-46d9-b984-fe45d2a0a983", "user": 1, "revision": null, "content_changed": false, "deleted": false, "object_id": "3"}}, {"model": "wagtailcore.modellogentry", "pk": 9, "fields": {"content_type": 5, "label": "Français", "action": "wagtail.edit", "data": {}, "timestamp": "2025-02-02T08:51:08.480Z", "uuid": "16f04563-cb07-41c2-b5c7-bb95efcce9c1", "user": 1, "revision": null, "content_changed": false, "deleted": false, "object_id": "2"}}, {"model": "wagtailcore.modellogentry", "pk": 10, "fields": {"content_type": 5, "label": "English", "action": "wagtail.edit", "data": {}, "timestamp": "2025-02-02T08:51:10.520Z", "uuid": "390ee9a7-fd5a-486d-bf1e-4f5817faf335", "user": 1, "revision": null, "content_changed": false, "deleted": false, "object_id": "1"}}, {"model": "wagtailcore.modellogentry", "pk": 11, "fields": {"content_type": 47, "label": "navigation settings", "action": "wagtail.edit", "data": {}, "timestamp": "2025-02-19T14:30:35.581Z", "uuid": "88ccdf99-d3ad-4c67-91ac-35ca471a38e2", "user": 1, "revision": null, "content_changed": true, "deleted": false, "object_id": "1"}}, {"model": "wagtailcore.collection", "pk": 1, "fields": {"path": "0001", "depth": 1, "numchild": 0, "name": "Root"}}, {"model": "wagtailcore.groupcollectionpermission", "pk": 1, "fields": {"group": 2, "collection": 1, "permission": 102}}, {"model": "wagtailcore.groupcollectionpermission", "pk": 2, "fields": {"group": 1, "collection": 1, "permission": 102}}, {"model": "wagtailcore.groupcollectionpermission", "pk": 3, "fields": {"group": 2, "collection": 1, "permission": 103}}, {"model": "wagtailcore.groupcollectionpermission", "pk": 4, "fields": {"group": 1, "collection": 1, "permission": 103}}, {"model": "wagtailcore.groupcollectionpermission", "pk": 5, "fields": {"group": 2, "collection": 1, "permission": 105}}, {"model": "wagtailcore.groupcollectionpermission", "pk": 6, "fields": {"group": 1, "collection": 1, "permission": 105}}, {"model": "wagtailcore.groupcollectionpermission", "pk": 7, "fields": {"group": 2, "collection": 1, "permission": 106}}, {"model": "wagtailcore.groupcollectionpermission", "pk": 8, "fields": {"group": 1, "collection": 1, "permission": 106}}, {"model": "wagtailcore.groupcollectionpermission", "pk": 9, "fields": {"group": 2, "collection": 1, "permission": 107}}, {"model": "wagtailcore.groupcollectionpermission", "pk": 10, "fields": {"group": 1, "collection": 1, "permission": 107}}, {"model": "wagtailcore.groupcollectionpermission", "pk": 11, "fields": {"group": 2, "collection": 1, "permission": 109}}, {"model": "wagtailcore.groupcollectionpermission", "pk": 12, "fields": {"group": 1, "collection": 1, "permission": 109}}, {"model": "wagtailcore.referenceindex", "pk": 1, "fields": {"content_type": 28, "base_content_type": 28, "object_id": "1", "to_content_type": 9, "to_object_id": "1", "model_path": "collection", "content_path": "collection", "content_path_hash": "b40b1263-e929-57f2-a7f8-9dbce56b887b"}}, {"model": "wagtailcore.referenceindex", "pk": 3, "fields": {"content_type": 27, "base_content_type": 27, "object_id": "1", "to_content_type": 9, "to_object_id": "1", "model_path": "collection", "content_path": "collection", "content_path_hash": "b40b1263-e929-57f2-a7f8-9dbce56b887b"}}, {"model": "wagtailcore.referenceindex", "pk": 5, "fields": {"content_type": 50, "base_content_type": 1, "object_id": "10", "to_content_type": 28, "to_object_id": "1", "model_path": "gallery_images.item.image", "content_path": "gallery_images.1.image", "content_path_hash": "43650d34-ff5a-57e1-8285-1d1a3528d2c8"}}, {"model": "wagtailcore.referenceindex", "pk": 6, "fields": {"content_type": 50, "base_content_type": 1, "object_id": "10", "to_content_type": 37, "to_object_id": "1", "model_path": "tagged_items.item.tag", "content_path": "tagged_items.1.tag", "content_path_hash": "0a1d4af4-028a-541c-9ba8-bcfab5741d17"}}, {"model": "wagtailcore.referenceindex", "pk": 7, "fields": {"content_type": 28, "base_content_type": 28, "object_id": "2", "to_content_type": 9, "to_object_id": "1", "model_path": "collection", "content_path": "collection", "content_path_hash": "b40b1263-e929-57f2-a7f8-9dbce56b887b"}}, {"model": "wagtailcore.referenceindex", "pk": 8, "fields": {"content_type": 50, "base_content_type": 1, "object_id": "11", "to_content_type": 37, "to_object_id": "2", "model_path": "tagged_items.item.tag", "content_path": "tagged_items.2.tag", "content_path_hash": "a9eb266d-9dd8-582f-a856-e7fe4b63349e"}}, {"model": "wagtailcore.referenceindex", "pk": 9, "fields": {"content_type": 50, "base_content_type": 1, "object_id": "11", "to_content_type": 28, "to_object_id": "2", "model_path": "gallery_images.item.image", "content_path": "gallery_images.2.image", "content_path_hash": "85f506df-ac2c-5104-97df-336036d91e03"}}, {"model": "wagtailcore.referenceindex", "pk": 13, "fields": {"content_type": 28, "base_content_type": 28, "object_id": "3", "to_content_type": 9, "to_object_id": "1", "model_path": "collection", "content_path": "collection", "content_path_hash": "b40b1263-e929-57f2-a7f8-9dbce56b887b"}}, {"model": "wagtailcore.referenceindex", "pk": 14, "fields": {"content_type": 56, "base_content_type": 1, "object_id": "12", "to_content_type": 28, "to_object_id": "3", "model_path": "image", "content_path": "image", "content_path_hash": "3cb1a537-a728-548b-b207-8423b6010580"}}, {"model": "wagtailcore.referenceindex", "pk": 15, "fields": {"content_type": 56, "base_content_type": 1, "object_id": "12", "to_content_type": 37, "to_object_id": "1", "model_path": "tagged_items.item.tag", "content_path": "tagged_items.4.tag", "content_path_hash": "29866ef1-63db-5c6e-bc0a-27ed379ad913"}}, {"model": "wagtailcore.referenceindex", "pk": 16, "fields": {"content_type": 28, "base_content_type": 28, "object_id": "4", "to_content_type": 9, "to_object_id": "1", "model_path": "collection", "content_path": "collection", "content_path_hash": "b40b1263-e929-57f2-a7f8-9dbce56b887b"}}, {"model": "wagtailcore.referenceindex", "pk": 17, "fields": {"content_type": 56, "base_content_type": 1, "object_id": "13", "to_content_type": 37, "to_object_id": "2", "model_path": "tagged_items.item.tag", "content_path": "tagged_items.5.tag", "content_path_hash": "d680323b-4169-5aff-9d07-d41818c67436"}}, {"model": "wagtailcore.referenceindex", "pk": 18, "fields": {"content_type": 56, "base_content_type": 1, "object_id": "13", "to_content_type": 28, "to_object_id": "4", "model_path": "image", "content_path": "image", "content_path_hash": "3cb1a537-a728-548b-b207-8423b6010580"}}, {"model": "wagtailcore.page", "pk": 1, "fields": {"path": "0001", "depth": 1, "numchild": 3, "translation_key": "247c8806-5420-4263-8660-df03b10a83e9", "locale": 1, "latest_revision": null, "live": true, "has_unpublished_changes": false, "first_published_at": null, "last_published_at": null, "live_revision": null, "go_live_at": null, "expire_at": null, "expired": false, "locked": false, "locked_at": null, "locked_by": null, "title": "Root", "draft_title": "Root", "slug": "root", "content_type": 1, "url_path": "/", "owner": null, "seo_title": "", "show_in_menus": false, "search_description": "", "latest_revision_created_at": null, "alias_of": null}}, {"model": "wagtailcore.page", "pk": 3, "fields": {"path": "00010001", "depth": 2, "numchild": 0, "translation_key": "7da65b94-27c6-49ec-85aa-a7d8f532c642", "locale": 1, "latest_revision": null, "live": true, "has_unpublished_changes": false, "first_published_at": null, "last_published_at": null, "live_revision": null, "go_live_at": null, "expire_at": null, "expired": false, "locked": false, "locked_at": null, "locked_by": null, "title": "Home", "draft_title": "Home", "slug": "home", "content_type": 2, "url_path": "/home/", "owner": null, "seo_title": "", "show_in_menus": false, "search_description": "", "latest_revision_created_at": null, "alias_of": null}}, {"model": "wagtailcore.page", "pk": 6, "fields": {"path": "00010002", "depth": 2, "numchild": 0, "translation_key": "d754c942-618d-49c2-9798-1b0b67c4fb4e", "locale": 1, "latest_revision": 19, "live": true, "has_unpublished_changes": false, "first_published_at": "2025-01-28T16:49:58.014Z", "last_published_at": "2025-02-02T08:54:08.012Z", "live_revision": 19, "go_live_at": null, "expire_at": null, "expired": false, "locked": false, "locked_at": null, "locked_by": null, "title": "Test Site", "draft_title": "Test Site", "slug": "test", "content_type": 45, "url_path": "/test/", "owner": 1, "seo_title": "", "show_in_menus": false, "search_description": "", "latest_revision_created_at": "2025-02-02T08:54:07.984Z", "alias_of": null}}, {"model": "wagtailcore.page", "pk": 7, "fields": {"path": "00010003", "depth": 2, "numchild": 2, "translation_key": "d754c942-618d-49c2-9798-1b0b67c4fb4e", "locale": 2, "latest_revision": 20, "live": true, "has_unpublished_changes": false, "first_published_at": "2025-01-28T16:52:52.433Z", "last_published_at": "2025-02-02T08:54:15.647Z", "live_revision": 20, "go_live_at": null, "expire_at": null, "expired": false, "locked": false, "locked_at": null, "locked_by": null, "title": "Site de test", "draft_title": "Site de test", "slug": "test-fr", "content_type": 45, "url_path": "/test-fr/", "owner": 1, "seo_title": "", "show_in_menus": false, "search_description": "", "latest_revision_created_at": "2025-02-02T08:54:15.618Z", "alias_of": null}}, {"model": "wagtailcore.page", "pk": 8, "fields": {"path": "000100030001", "depth": 3, "numchild": 2, "translation_key": "ade44588-1a7a-4c80-a911-ee8223ae127f", "locale": 2, "latest_revision": 22, "live": true, "has_unpublished_changes": false, "first_published_at": "2025-02-19T12:38:34.206Z", "last_published_at": "2025-02-19T12:38:34.206Z", "live_revision": 22, "go_live_at": null, "expire_at": null, "expired": false, "locked": false, "locked_at": null, "locked_by": null, "title": "blog", "draft_title": "blog", "slug": "blog", "content_type": 49, "url_path": "/test-fr/blog/", "owner": 1, "seo_title": "", "show_in_menus": false, "search_description": "", "latest_revision_created_at": "2025-02-19T12:38:34.176Z", "alias_of": null}}, {"model": "wagtailcore.page", "pk": 9, "fields": {"path": "000100030002", "depth": 3, "numchild": 2, "translation_key": "b64f43ab-da5d-4753-88e1-6ade8a4146a0", "locale": 2, "latest_revision": 23, "live": true, "has_unpublished_changes": false, "first_published_at": "2025-02-19T12:38:51.977Z", "last_published_at": "2025-02-19T12:38:51.977Z", "live_revision": 23, "go_live_at": null, "expire_at": null, "expired": false, "locked": false, "locked_at": null, "locked_by": null, "title": "projects", "draft_title": "projects", "slug": "projects", "content_type": 55, "url_path": "/test-fr/projects/", "owner": 1, "seo_title": "", "show_in_menus": false, "search_description": "", "latest_revision_created_at": "2025-02-19T12:38:51.941Z", "alias_of": null}}, {"model": "wagtailcore.page", "pk": 10, "fields": {"path": "0001000300010001", "depth": 4, "numchild": 0, "translation_key": "bd01adbc-b1ca-4b0f-9836-e95183b8e74d", "locale": 2, "latest_revision": 24, "live": true, "has_unpublished_changes": false, "first_published_at": "2025-02-19T12:39:45.114Z", "last_published_at": "2025-02-19T12:39:45.114Z", "live_revision": 24, "go_live_at": null, "expire_at": null, "expired": false, "locked": false, "locked_at": null, "locked_by": null, "title": "Blog Page 1", "draft_title": "Blog Page 1", "slug": "blog-page-1", "content_type": 50, "url_path": "/test-fr/blog/blog-page-1/", "owner": 1, "seo_title": "", "show_in_menus": false, "search_description": "", "latest_revision_created_at": "2025-02-19T12:39:45.081Z", "alias_of": null}}, {"model": "wagtailcore.page", "pk": 11, "fields": {"path": "0001000300010002", "depth": 4, "numchild": 0, "translation_key": "da6b75af-05c2-48f1-b043-04db910f26b7", "locale": 2, "latest_revision": 25, "live": true, "has_unpublished_changes": false, "first_published_at": "2025-02-19T12:40:42.243Z", "last_published_at": "2025-02-19T12:40:42.243Z", "live_revision": 25, "go_live_at": null, "expire_at": null, "expired": false, "locked": false, "locked_at": null, "locked_by": null, "title": "Blog Page 2", "draft_title": "Blog Page 2", "slug": "blog-page-2", "content_type": 50, "url_path": "/test-fr/blog/blog-page-2/", "owner": 1, "seo_title": "", "show_in_menus": false, "search_description": "", "latest_revision_created_at": "2025-02-19T12:40:42.210Z", "alias_of": null}}, {"model": "wagtailcore.page", "pk": 12, "fields": {"path": "0001000300020001", "depth": 4, "numchild": 0, "translation_key": "7cf3a96e-3f85-48eb-8413-935cefb4bb84", "locale": 2, "latest_revision": 32, "live": true, "has_unpublished_changes": false, "first_published_at": "2025-02-19T12:41:08.692Z", "last_published_at": "2025-02-19T13:59:17.587Z", "live_revision": 32, "go_live_at": null, "expire_at": null, "expired": false, "locked": false, "locked_at": null, "locked_by": null, "title": "Project 1", "draft_title": "Project 1", "slug": "project-1", "content_type": 56, "url_path": "/test-fr/projects/project-1/", "owner": 1, "seo_title": "", "show_in_menus": false, "search_description": "", "latest_revision_created_at": "2025-02-19T13:59:17.552Z", "alias_of": null}}, {"model": "wagtailcore.page", "pk": 13, "fields": {"path": "0001000300020002", "depth": 4, "numchild": 0, "translation_key": "b47a0457-1b59-467d-a93b-ecc09653f681", "locale": 2, "latest_revision": 33, "live": true, "has_unpublished_changes": false, "first_published_at": "2025-02-19T12:41:24.173Z", "last_published_at": "2025-02-19T14:00:19.863Z", "live_revision": 33, "go_live_at": null, "expire_at": null, "expired": false, "locked": false, "locked_at": null, "locked_by": null, "title": "Projet 2", "draft_title": "Projet 2", "slug": "projet-2", "content_type": 56, "url_path": "/test-fr/projects/projet-2/", "owner": 1, "seo_title": "", "show_in_menus": false, "search_description": "", "latest_revision_created_at": "2025-02-19T14:00:19.825Z", "alias_of": null}}, {"model": "wagtailcore.revision", "pk": 13, "fields": {"content_type": 45, "base_content_type": 1, "object_id": "6", "created_at": "2025-01-28T16:49:12.657Z", "user": 1, "object_str": "Test", "content": {"pk": 6, "path": "00010002", "depth": 2, "numchild": 0, "translation_key": "d754c942-618d-49c2-9798-1b0b67c4fb4e", "locale": 1, "latest_revision": null, "live": false, "has_unpublished_changes": false, "first_published_at": null, "last_published_at": null, "live_revision": null, "go_live_at": null, "expire_at": null, "expired": false, "locked": false, "locked_at": null, "locked_by": null, "title": "Test", "draft_title": "Test", "slug": "test", "content_type": 45, "url_path": "/test/", "owner": 1, "seo_title": "", "show_in_menus": false, "search_description": "", "latest_revision_created_at": null, "alias_of": null, "content": "<p data-block-key=\"ixzjj\">test</p>", "wagtail_admin_comments": []}, "approved_go_live_at": null}}, {"model": "wagtailcore.revision", "pk": 14, "fields": {"content_type": 45, "base_content_type": 1, "object_id": "6", "created_at": "2025-01-28T16:49:57.987Z", "user": 1, "object_str": "Site de test", "content": {"pk": 6, "path": "00010002", "depth": 2, "numchild": 0, "translation_key": "d754c942-618d-49c2-9798-1b0b67c4fb4e", "locale": 1, "latest_revision": 13, "live": false, "has_unpublished_changes": true, "first_published_at": null, "last_published_at": null, "live_revision": null, "go_live_at": null, "expire_at": null, "expired": false, "locked": false, "locked_at": null, "locked_by": null, "title": "Site de test", "draft_title": "Test", "slug": "test", "content_type": 45, "url_path": "/test/", "owner": 1, "seo_title": "", "show_in_menus": false, "search_description": "", "latest_revision_created_at": "2025-01-28T16:49:12.657Z", "alias_of": null, "content": "<p data-block-key=\"ixzjj\">Page de test</p>", "wagtail_admin_comments": []}, "approved_go_live_at": null}}, {"model": "wagtailcore.revision", "pk": 15, "fields": {"content_type": 45, "base_content_type": 1, "object_id": "6", "created_at": "2025-01-28T16:50:10.844Z", "user": 1, "object_str": "Test Site", "content": {"pk": 6, "path": "00010002", "depth": 2, "numchild": 0, "translation_key": "d754c942-618d-49c2-9798-1b0b67c4fb4e", "locale": 1, "latest_revision": 14, "live": true, "has_unpublished_changes": false, "first_published_at": "2025-01-28T16:49:58.014Z", "last_published_at": "2025-01-28T16:49:58.014Z", "live_revision": 14, "go_live_at": null, "expire_at": null, "expired": false, "locked": false, "locked_at": null, "locked_by": null, "title": "Test Site", "draft_title": "Site de test", "slug": "test", "content_type": 45, "url_path": "/test/", "owner": 1, "seo_title": "", "show_in_menus": false, "search_description": "", "latest_revision_created_at": "2025-01-28T16:49:57.987Z", "alias_of": null, "content": "<p data-block-key=\"ixzjj\">Test Page</p>", "wagtail_admin_comments": []}, "approved_go_live_at": null}}, {"model": "wagtailcore.revision", "pk": 16, "fields": {"content_type": 45, "base_content_type": 1, "object_id": "7", "created_at": "2025-01-28T16:52:40.423Z", "user": 1, "object_str": "Test Site", "content": {"pk": 7, "path": "00010003", "depth": 2, "numchild": 0, "translation_key": "d754c942-618d-49c2-9798-1b0b67c4fb4e", "locale": 2, "latest_revision": 13, "live": true, "has_unpublished_changes": false, "first_published_at": null, "last_published_at": "2025-01-28T16:49:58.014Z", "live_revision": 14, "go_live_at": null, "expire_at": null, "expired": false, "locked": false, "locked_at": null, "locked_by": null, "title": "Test Site", "draft_title": "Test Site", "slug": "test-fr", "content_type": 45, "url_path": "/test-fr/", "owner": 1, "seo_title": "", "show_in_menus": false, "search_description": "", "latest_revision_created_at": "2025-01-28T16:50:10.844Z", "alias_of": null, "content": "<p data-block-key=\"ixzjj\">Test Page</p>", "wagtail_admin_comments": []}, "approved_go_live_at": null}}, {"model": "wagtailcore.revision", "pk": 17, "fields": {"content_type": 45, "base_content_type": 1, "object_id": "7", "created_at": "2025-01-28T16:52:52.404Z", "user": 1, "object_str": "Site de test", "content": {"pk": 7, "path": "00010003", "depth": 2, "numchild": 0, "translation_key": "d754c942-618d-49c2-9798-1b0b67c4fb4e", "locale": 2, "latest_revision": 16, "live": true, "has_unpublished_changes": false, "first_published_at": null, "last_published_at": "2025-01-28T16:49:58.014Z", "live_revision": 16, "go_live_at": null, "expire_at": null, "expired": false, "locked": false, "locked_at": null, "locked_by": null, "title": "Site de test", "draft_title": "Test Site", "slug": "test-fr", "content_type": 45, "url_path": "/test-fr/", "owner": 1, "seo_title": "", "show_in_menus": false, "search_description": "", "latest_revision_created_at": "2025-01-28T16:52:40.423Z", "alias_of": null, "content": "<p data-block-key=\"ixzjj\">Page de test</p>", "wagtail_admin_comments": []}, "approved_go_live_at": null}}, {"model": "wagtailcore.revision", "pk": 18, "fields": {"content_type": 45, "base_content_type": 1, "object_id": "6", "created_at": "2025-02-02T08:54:06.389Z", "user": 1, "object_str": "Test Site", "content": {"pk": 6, "path": "00010002", "depth": 2, "numchild": 0, "translation_key": "d754c942-618d-49c2-9798-1b0b67c4fb4e", "locale": 1, "latest_revision": 15, "live": true, "has_unpublished_changes": false, "first_published_at": "2025-01-28T16:49:58.014Z", "last_published_at": "2025-01-28T16:50:10.871Z", "live_revision": 15, "go_live_at": null, "expire_at": null, "expired": false, "locked": false, "locked_at": null, "locked_by": null, "title": "Test Site", "draft_title": "Test Site", "slug": "test", "content_type": 45, "url_path": "/test/", "owner": 1, "seo_title": "", "show_in_menus": false, "search_description": "", "latest_revision_created_at": "2025-01-28T16:50:10.844Z", "alias_of": null, "content": "<p data-block-key=\"ixzjj\">Test Page!</p>", "wagtail_admin_comments": []}, "approved_go_live_at": null}}, {"model": "wagtailcore.revision", "pk": 19, "fields": {"content_type": 45, "base_content_type": 1, "object_id": "6", "created_at": "2025-02-02T08:54:07.984Z", "user": 1, "object_str": "Test Site", "content": {"pk": 6, "path": "00010002", "depth": 2, "numchild": 0, "translation_key": "d754c942-618d-49c2-9798-1b0b67c4fb4e", "locale": 1, "latest_revision": 18, "live": true, "has_unpublished_changes": true, "first_published_at": "2025-01-28T16:49:58.014Z", "last_published_at": "2025-01-28T16:50:10.871Z", "live_revision": 15, "go_live_at": null, "expire_at": null, "expired": false, "locked": false, "locked_at": null, "locked_by": null, "title": "Test Site", "draft_title": "Test Site", "slug": "test", "content_type": 45, "url_path": "/test/", "owner": 1, "seo_title": "", "show_in_menus": false, "search_description": "", "latest_revision_created_at": "2025-02-02T08:54:06.389Z", "alias_of": null, "content": "<p data-block-key=\"ixzjj\">Test Page!</p>", "wagtail_admin_comments": []}, "approved_go_live_at": null}}, {"model": "wagtailcore.revision", "pk": 20, "fields": {"content_type": 45, "base_content_type": 1, "object_id": "7", "created_at": "2025-02-02T08:54:15.618Z", "user": 1, "object_str": "Site de test", "content": {"pk": 7, "path": "00010003", "depth": 2, "numchild": 0, "translation_key": "d754c942-618d-49c2-9798-1b0b67c4fb4e", "locale": 2, "latest_revision": 17, "live": true, "has_unpublished_changes": false, "first_published_at": "2025-01-28T16:52:52.433Z", "last_published_at": "2025-01-28T16:52:52.433Z", "live_revision": 17, "go_live_at": null, "expire_at": null, "expired": false, "locked": false, "locked_at": null, "locked_by": null, "title": "Site de test", "draft_title": "Site de test", "slug": "test-fr", "content_type": 45, "url_path": "/test-fr/", "owner": 1, "seo_title": "", "show_in_menus": false, "search_description": "", "latest_revision_created_at": "2025-01-28T16:52:52.404Z", "alias_of": null, "content": "<p data-block-key=\"ixzjj\">Page de test!</p>", "wagtail_admin_comments": []}, "approved_go_live_at": null}}, {"model": "wagtailcore.revision", "pk": 21, "fields": {"content_type": 49, "base_content_type": 1, "object_id": "8", "created_at": "2025-02-19T12:38:31.372Z", "user": 1, "object_str": "blog", "content": {"pk": 8, "path": "000100030001", "depth": 3, "numchild": 0, "translation_key": "ade44588-1a7a-4c80-a911-ee8223ae127f", "locale": 2, "latest_revision": null, "live": false, "has_unpublished_changes": false, "first_published_at": null, "last_published_at": null, "live_revision": null, "go_live_at": null, "expire_at": null, "expired": false, "locked": false, "locked_at": null, "locked_by": null, "title": "blog", "draft_title": "blog", "slug": "blog", "content_type": 49, "url_path": "/test-fr/blog/", "owner": 1, "seo_title": "", "show_in_menus": false, "search_description": "", "latest_revision_created_at": null, "alias_of": null, "intro": "<p data-block-key=\"zp1sj\">Notre blog</p>", "wagtail_admin_comments": []}, "approved_go_live_at": null}}, {"model": "wagtailcore.revision", "pk": 22, "fields": {"content_type": 49, "base_content_type": 1, "object_id": "8", "created_at": "2025-02-19T12:38:34.176Z", "user": 1, "object_str": "blog", "content": {"pk": 8, "path": "000100030001", "depth": 3, "numchild": 0, "translation_key": "ade44588-1a7a-4c80-a911-ee8223ae127f", "locale": 2, "latest_revision": 21, "live": false, "has_unpublished_changes": true, "first_published_at": null, "last_published_at": null, "live_revision": null, "go_live_at": null, "expire_at": null, "expired": false, "locked": false, "locked_at": null, "locked_by": null, "title": "blog", "draft_title": "blog", "slug": "blog", "content_type": 49, "url_path": "/test-fr/blog/", "owner": 1, "seo_title": "", "show_in_menus": false, "search_description": "", "latest_revision_created_at": "2025-02-19T12:38:31.372Z", "alias_of": null, "intro": "<p data-block-key=\"zp1sj\">Notre blog</p>", "wagtail_admin_comments": []}, "approved_go_live_at": null}}, {"model": "wagtailcore.revision", "pk": 23, "fields": {"content_type": 55, "base_content_type": 1, "object_id": "9", "created_at": "2025-02-19T12:38:51.941Z", "user": 1, "object_str": "projects", "content": {"pk": 9, "path": "000100030002", "depth": 3, "numchild": 0, "translation_key": "b64f43ab-da5d-4753-88e1-6ade8a4146a0", "locale": 2, "latest_revision": null, "live": true, "has_unpublished_changes": false, "first_published_at": null, "last_published_at": null, "live_revision": null, "go_live_at": null, "expire_at": null, "expired": false, "locked": false, "locked_at": null, "locked_by": null, "title": "projects", "draft_title": "projects", "slug": "projects", "content_type": 55, "url_path": "/test-fr/projects/", "owner": 1, "seo_title": "", "show_in_menus": false, "search_description": "", "latest_revision_created_at": null, "alias_of": null, "intro": "<p data-block-key=\"izm99\">Nos Projets</p>", "wagtail_admin_comments": []}, "approved_go_live_at": null}}, {"model": "wagtailcore.revision", "pk": 24, "fields": {"content_type": 50, "base_content_type": 1, "object_id": "10", "created_at": "2025-02-19T12:39:45.081Z", "user": 1, "object_str": "Blog Page 1", "content": {"pk": 10, "path": "0001000300010001", "depth": 4, "numchild": 0, "translation_key": "bd01adbc-b1ca-4b0f-9836-e95183b8e74d", "locale": 2, "latest_revision": null, "live": true, "has_unpublished_changes": false, "first_published_at": null, "last_published_at": null, "live_revision": null, "go_live_at": null, "expire_at": null, "expired": false, "locked": false, "locked_at": null, "locked_by": null, "title": "Blog Page 1", "draft_title": "Blog Page 1", "slug": "blog-page-1", "content_type": 50, "url_path": "/test-fr/blog/blog-page-1/", "owner": 1, "seo_title": "", "show_in_menus": false, "search_description": "", "latest_revision_created_at": null, "alias_of": null, "date": "2025-02-08", "intro": "Blog Page 1", "body": "", "wagtail_admin_comments": [], "tagged_items": [{"pk": 1, "tag": 1, "content_object": 10}], "gallery_images": [{"pk": 1, "sort_order": 0, "page": 10, "image": 1, "caption": ""}], "authors": []}, "approved_go_live_at": null}}, {"model": "wagtailcore.revision", "pk": 25, "fields": {"content_type": 50, "base_content_type": 1, "object_id": "11", "created_at": "2025-02-19T12:40:42.210Z", "user": 1, "object_str": "Blog Page 2", "content": {"pk": 11, "path": "0001000300010002", "depth": 4, "numchild": 0, "translation_key": "da6b75af-05c2-48f1-b043-04db910f26b7", "locale": 2, "latest_revision": null, "live": true, "has_unpublished_changes": false, "first_published_at": null, "last_published_at": null, "live_revision": null, "go_live_at": null, "expire_at": null, "expired": false, "locked": false, "locked_at": null, "locked_by": null, "title": "Blog Page 2", "draft_title": "Blog Page 2", "slug": "blog-page-2", "content_type": 50, "url_path": "/test-fr/blog/blog-page-2/", "owner": 1, "seo_title": "", "show_in_menus": false, "search_description": "", "latest_revision_created_at": null, "alias_of": null, "date": "2025-02-03", "intro": "Voilà la page 2 du blog, le web", "body": "", "wagtail_admin_comments": [], "tagged_items": [{"pk": 2, "tag": 2, "content_object": 11}], "gallery_images": [{"pk": 2, "sort_order": 0, "page": 11, "image": 2, "caption": ""}], "authors": []}, "approved_go_live_at": null}}, {"model": "wagtailcore.revision", "pk": 26, "fields": {"content_type": 56, "base_content_type": 1, "object_id": "12", "created_at": "2025-02-19T12:41:08.657Z", "user": 1, "object_str": "Project 1", "content": {"pk": 12, "path": "0001000300020001", "depth": 4, "numchild": 0, "translation_key": "7cf3a96e-3f85-48eb-8413-935cefb4bb84", "locale": 2, "latest_revision": null, "live": true, "has_unpublished_changes": false, "first_published_at": null, "last_published_at": null, "live_revision": null, "go_live_at": null, "expire_at": null, "expired": false, "locked": false, "locked_at": null, "locked_by": null, "title": "Project 1", "draft_title": "Project 1", "slug": "project-1", "content_type": 56, "url_path": "/test-fr/projects/project-1/", "owner": 1, "seo_title": "", "show_in_menus": false, "search_description": "", "latest_revision_created_at": null, "alias_of": null, "intro": "Notre premier projet", "body": "", "wagtail_admin_comments": []}, "approved_go_live_at": null}}, {"model": "wagtailcore.revision", "pk": 27, "fields": {"content_type": 56, "base_content_type": 1, "object_id": "13", "created_at": "2025-02-19T12:41:24.143Z", "user": 1, "object_str": "Projet 2", "content": {"pk": 13, "path": "0001000300020002", "depth": 4, "numchild": 0, "translation_key": "b47a0457-1b59-467d-a93b-ecc09653f681", "locale": 2, "latest_revision": null, "live": true, "has_unpublished_changes": false, "first_published_at": null, "last_published_at": null, "live_revision": null, "go_live_at": null, "expire_at": null, "expired": false, "locked": false, "locked_at": null, "locked_by": null, "title": "Projet 2", "draft_title": "Projet 2", "slug": "projet-2", "content_type": 56, "url_path": "/test-fr/projects/projet-2/", "owner": 1, "seo_title": "", "show_in_menus": false, "search_description": "", "latest_revision_created_at": null, "alias_of": null, "intro": "Notre deuxième projet", "body": "", "wagtail_admin_comments": []}, "approved_go_live_at": null}}, {"model": "wagtailcore.revision", "pk": 28, "fields": {"content_type": 56, "base_content_type": 1, "object_id": "12", "created_at": "2025-02-19T13:56:01.733Z", "user": 1, "object_str": "Project 1", "content": {"pk": 12, "path": "0001000300020001", "depth": 4, "numchild": 0, "translation_key": "7cf3a96e-3f85-48eb-8413-935cefb4bb84", "locale": 2, "latest_revision": 26, "live": true, "has_unpublished_changes": false, "first_published_at": "2025-02-19T12:41:08.692Z", "last_published_at": "2025-02-19T12:41:08.692Z", "live_revision": 26, "go_live_at": null, "expire_at": null, "expired": false, "locked": false, "locked_at": null, "locked_by": null, "title": "Project 1", "draft_title": "Project 1", "slug": "project-1", "content_type": 56, "url_path": "/test-fr/projects/project-1/", "owner": 1, "seo_title": "", "show_in_menus": false, "search_description": "", "latest_revision_created_at": "2025-02-19T12:41:08.657Z", "alias_of": null, "intro": "Notre premier projet", "body": "", "wagtail_admin_comments": [], "tagged_items": [{"pk": null, "tag": 1, "content_object": 12}]}, "approved_go_live_at": null}}, {"model": "wagtailcore.revision", "pk": 29, "fields": {"content_type": 56, "base_content_type": 1, "object_id": "12", "created_at": "2025-02-19T13:56:06.331Z", "user": 1, "object_str": "Project 1", "content": {"pk": 12, "path": "0001000300020001", "depth": 4, "numchild": 0, "translation_key": "7cf3a96e-3f85-48eb-8413-935cefb4bb84", "locale": 2, "latest_revision": 28, "live": true, "has_unpublished_changes": false, "first_published_at": "2025-02-19T12:41:08.692Z", "last_published_at": "2025-02-19T13:56:01.775Z", "live_revision": 28, "go_live_at": null, "expire_at": null, "expired": false, "locked": false, "locked_at": null, "locked_by": null, "title": "Project 1", "draft_title": "Project 1", "slug": "project-1", "content_type": 56, "url_path": "/test-fr/projects/project-1/", "owner": 1, "seo_title": "", "show_in_menus": false, "search_description": "", "latest_revision_created_at": "2025-02-19T13:56:01.733Z", "alias_of": null, "intro": "Notre premier projet", "body": "", "wagtail_admin_comments": [], "tagged_items": [{"pk": null, "tag": 1, "content_object": 12}]}, "approved_go_live_at": null}}, {"model": "wagtailcore.revision", "pk": 30, "fields": {"content_type": 56, "base_content_type": 1, "object_id": "12", "created_at": "2025-02-19T13:56:14.250Z", "user": 1, "object_str": "Project 1", "content": {"pk": 12, "path": "0001000300020001", "depth": 4, "numchild": 0, "translation_key": "7cf3a96e-3f85-48eb-8413-935cefb4bb84", "locale": 2, "latest_revision": 29, "live": true, "has_unpublished_changes": true, "first_published_at": "2025-02-19T12:41:08.692Z", "last_published_at": "2025-02-19T13:56:01.775Z", "live_revision": 28, "go_live_at": null, "expire_at": null, "expired": false, "locked": false, "locked_at": null, "locked_by": null, "title": "Project 1", "draft_title": "Project 1", "slug": "project-1", "content_type": 56, "url_path": "/test-fr/projects/project-1/", "owner": 1, "seo_title": "", "show_in_menus": false, "search_description": "", "latest_revision_created_at": "2025-02-19T13:56:06.331Z", "alias_of": null, "intro": "Notre premier projet", "body": "", "wagtail_admin_comments": [], "tagged_items": [{"pk": null, "tag": 1, "content_object": 12}]}, "approved_go_live_at": null}}, {"model": "wagtailcore.revision", "pk": 31, "fields": {"content_type": 56, "base_content_type": 1, "object_id": "13", "created_at": "2025-02-19T13:56:22.914Z", "user": 1, "object_str": "Projet 2", "content": {"pk": 13, "path": "0001000300020002", "depth": 4, "numchild": 0, "translation_key": "b47a0457-1b59-467d-a93b-ecc09653f681", "locale": 2, "latest_revision": 27, "live": true, "has_unpublished_changes": false, "first_published_at": "2025-02-19T12:41:24.173Z", "last_published_at": "2025-02-19T12:41:24.173Z", "live_revision": 27, "go_live_at": null, "expire_at": null, "expired": false, "locked": false, "locked_at": null, "locked_by": null, "title": "Projet 2", "draft_title": "Projet 2", "slug": "projet-2", "content_type": 56, "url_path": "/test-fr/projects/projet-2/", "owner": 1, "seo_title": "", "show_in_menus": false, "search_description": "", "latest_revision_created_at": "2025-02-19T12:41:24.143Z", "alias_of": null, "intro": "Notre deuxième projet", "body": "", "wagtail_admin_comments": [], "tagged_items": [{"pk": null, "tag": 2, "content_object": 13}]}, "approved_go_live_at": null}}, {"model": "wagtailcore.revision", "pk": 32, "fields": {"content_type": 56, "base_content_type": 1, "object_id": "12", "created_at": "2025-02-19T13:59:17.552Z", "user": 1, "object_str": "Project 1", "content": {"pk": 12, "path": "0001000300020001", "depth": 4, "numchild": 0, "translation_key": "7cf3a96e-3f85-48eb-8413-935cefb4bb84", "locale": 2, "latest_revision": 30, "live": true, "has_unpublished_changes": false, "first_published_at": "2025-02-19T12:41:08.692Z", "last_published_at": "2025-02-19T13:56:14.281Z", "live_revision": 30, "go_live_at": null, "expire_at": null, "expired": false, "locked": false, "locked_at": null, "locked_by": null, "title": "Project 1", "draft_title": "Project 1", "slug": "project-1", "content_type": 56, "url_path": "/test-fr/projects/project-1/", "owner": 1, "seo_title": "", "show_in_menus": false, "search_description": "", "latest_revision_created_at": "2025-02-19T13:56:14.250Z", "alias_of": null, "intro": "Notre premier projet", "body": "", "image": 3, "wagtail_admin_comments": [], "tagged_items": [{"pk": null, "tag": 1, "content_object": 12}]}, "approved_go_live_at": null}}, {"model": "wagtailcore.revision", "pk": 33, "fields": {"content_type": 56, "base_content_type": 1, "object_id": "13", "created_at": "2025-02-19T14:00:19.825Z", "user": 1, "object_str": "Projet 2", "content": {"pk": 13, "path": "0001000300020002", "depth": 4, "numchild": 0, "translation_key": "b47a0457-1b59-467d-a93b-ecc09653f681", "locale": 2, "latest_revision": 31, "live": true, "has_unpublished_changes": false, "first_published_at": "2025-02-19T12:41:24.173Z", "last_published_at": "2025-02-19T13:56:22.950Z", "live_revision": 31, "go_live_at": null, "expire_at": null, "expired": false, "locked": false, "locked_at": null, "locked_by": null, "title": "Projet 2", "draft_title": "Projet 2", "slug": "projet-2", "content_type": 56, "url_path": "/test-fr/projects/projet-2/", "owner": 1, "seo_title": "", "show_in_menus": false, "search_description": "", "latest_revision_created_at": "2025-02-19T13:56:22.914Z", "alias_of": null, "intro": "Notre deuxième projet", "body": "", "image": 4, "wagtail_admin_comments": [], "tagged_items": [{"pk": null, "tag": 2, "content_object": 13}]}, "approved_go_live_at": null}}, {"model": "wagtailcore.grouppagepermission", "pk": 1, "fields": {"group": 1, "page": 1, "permission": 34}}, {"model": "wagtailcore.grouppagepermission", "pk": 2, "fields": {"group": 1, "page": 1, "permission": 35}}, {"model": "wagtailcore.grouppagepermission", "pk": 3, "fields": {"group": 1, "page": 1, "permission": 40}}, {"model": "wagtailcore.grouppagepermission", "pk": 4, "fields": {"group": 2, "page": 1, "permission": 34}}, {"model": "wagtailcore.grouppagepermission", "pk": 5, "fields": {"group": 2, "page": 1, "permission": 35}}, {"model": "wagtailcore.grouppagepermission", "pk": 6, "fields": {"group": 1, "page": 1, "permission": 39}}, {"model": "wagtailcore.grouppagepermission", "pk": 7, "fields": {"group": 1, "page": 1, "permission": 41}}, {"model": "wagtailcore.workflowpage", "pk": 1, "fields": {"workflow": 1}}, {"model": "wagtailcore.workflowtask", "pk": 1, "fields": {"sort_order": 0, "workflow": 1, "task": 1}}, {"model": "wagtailcore.task", "pk": 1, "fields": {"name": "Moderators approval", "content_type": 4, "active": true}}, {"model": "wagtailcore.workflow", "pk": 1, "fields": {"name": "Moderators approval", "active": true}}, {"model": "wagtailcore.groupapprovaltask", "pk": 1, "fields": {"groups": [1]}}, {"model": "wagtailcore.workflowstate", "pk": 1, "fields": {"content_type": 56, "base_content_type": 1, "object_id": "12", "workflow": 1, "status": "cancelled", "created_at": "2025-02-19T13:56:06.364Z", "requested_by": 1, "current_task_state": 1}}, {"model": "wagtailcore.taskstate", "pk": 1, "fields": {"workflow_state": 1, "revision": 29, "task": 1, "status": "cancelled", "started_at": "2025-02-19T13:56:06.372Z", "finished_at": "2025-02-19T13:56:14.330Z", "finished_by": 1, "comment": "", "content_type": 22}}, {"model": "wagtailcore.pagelogentry", "pk": 1, "fields": {"content_type": 45, "label": "Test Page", "action": "wagtail.create", "data": {}, "timestamp": "2025-01-28T15:37:40.308Z", "uuid": "ab75b1a0-7ef9-4d48-a754-d46060794d6d", "user": 1, "revision": null, "content_changed": true, "deleted": false, "page": 4}}, {"model": "wagtailcore.pagelogentry", "pk": 2, "fields": {"content_type": 45, "label": "Test Page", "action": "wagtail.edit", "data": {}, "timestamp": "2025-01-28T15:37:40.334Z", "uuid": "ab75b1a0-7ef9-4d48-a754-d46060794d6d", "user": 1, "revision": 1, "content_changed": true, "deleted": false, "page": 4}}, {"model": "wagtailcore.pagelogentry", "pk": 3, "fields": {"content_type": 45, "label": "Test Page", "action": "wagtail.edit", "data": {}, "timestamp": "2025-01-28T15:45:46.114Z", "uuid": "727bd907-30f5-41b6-921f-76c91051c7e7", "user": 1, "revision": 2, "content_changed": true, "deleted": false, "page": 4}}, {"model": "wagtailcore.pagelogentry", "pk": 4, "fields": {"content_type": 45, "label": "Test Page", "action": "wagtail.edit", "data": {}, "timestamp": "2025-01-28T15:46:59.067Z", "uuid": "96f0fdee-73f7-47c3-9393-573d4e81ac10", "user": 1, "revision": 3, "content_changed": true, "deleted": false, "page": 4}}, {"model": "wagtailcore.pagelogentry", "pk": 5, "fields": {"content_type": 45, "label": "Test Page", "action": "wagtail.edit", "data": {}, "timestamp": "2025-01-28T15:47:39.667Z", "uuid": "27134911-f944-4c65-9a54-89356fe4ec47", "user": 1, "revision": 4, "content_changed": true, "deleted": false, "page": 4}}, {"model": "wagtailcore.pagelogentry", "pk": 6, "fields": {"content_type": 45, "label": "Test Page", "action": "wagtail.publish", "data": {}, "timestamp": "2025-01-28T15:47:39.698Z", "uuid": "27134911-f944-4c65-9a54-89356fe4ec47", "user": 1, "revision": 4, "content_changed": false, "deleted": false, "page": 4}}, {"model": "wagtailcore.pagelogentry", "pk": 7, "fields": {"content_type": 45, "label": "Test Page", "action": "wagtail.edit", "data": {}, "timestamp": "2025-01-28T15:48:26.164Z", "uuid": "33da249d-e7bf-4986-a2da-c8058c5fc831", "user": 1, "revision": 5, "content_changed": true, "deleted": false, "page": 4}}, {"model": "wagtailcore.pagelogentry", "pk": 8, "fields": {"content_type": 45, "label": "Test Page", "action": "wagtail.edit", "data": {}, "timestamp": "2025-01-28T15:49:42.159Z", "uuid": "ffc3aa60-5523-4c62-b0c0-90d06ec56e10", "user": 1, "revision": 6, "content_changed": true, "deleted": false, "page": 4}}, {"model": "wagtailcore.pagelogentry", "pk": 9, "fields": {"content_type": 45, "label": "Test Page", "action": "wagtail.publish", "data": {}, "timestamp": "2025-01-28T15:49:42.191Z", "uuid": "ffc3aa60-5523-4c62-b0c0-90d06ec56e10", "user": 1, "revision": 6, "content_changed": true, "deleted": false, "page": 4}}, {"model": "wagtailcore.pagelogentry", "pk": 10, "fields": {"content_type": 45, "label": "Test Page", "action": "wagtail.edit", "data": {}, "timestamp": "2025-01-28T15:50:36.884Z", "uuid": "4f0762ca-09f1-4bd6-86fe-683b87a7e9d7", "user": 1, "revision": 7, "content_changed": true, "deleted": false, "page": 4}}, {"model": "wagtailcore.pagelogentry", "pk": 11, "fields": {"content_type": 45, "label": "Test Page", "action": "wagtail.publish", "data": {}, "timestamp": "2025-01-28T15:50:36.918Z", "uuid": "4f0762ca-09f1-4bd6-86fe-683b87a7e9d7", "user": 1, "revision": 7, "content_changed": true, "deleted": false, "page": 4}}, {"model": "wagtailcore.pagelogentry", "pk": 12, "fields": {"content_type": 45, "label": "Test Page", "action": "wagtail.edit", "data": {}, "timestamp": "2025-01-28T16:15:11.692Z", "uuid": "f75bd774-30a0-4f9b-b1b4-a042bdcf67e9", "user": 1, "revision": 8, "content_changed": true, "deleted": false, "page": 4}}, {"model": "wagtailcore.pagelogentry", "pk": 13, "fields": {"content_type": 45, "label": "Test Page", "action": "wagtail.edit", "data": {}, "timestamp": "2025-01-28T16:39:03.091Z", "uuid": "ecbb557d-92f0-428a-8c0b-8626136c2c6f", "user": 1, "revision": 9, "content_changed": true, "deleted": false, "page": 4}}, {"model": "wagtailcore.pagelogentry", "pk": 14, "fields": {"content_type": 45, "label": "Test Page", "action": "wagtail.edit", "data": {}, "timestamp": "2025-01-28T16:39:05.430Z", "uuid": "b5b4c27b-5859-4e0b-88ac-d5bdf8a29935", "user": 1, "revision": 10, "content_changed": true, "deleted": false, "page": 4}}, {"model": "wagtailcore.pagelogentry", "pk": 15, "fields": {"content_type": 45, "label": "Test Page", "action": "wagtail.publish", "data": {}, "timestamp": "2025-01-28T16:39:05.466Z", "uuid": "b5b4c27b-5859-4e0b-88ac-d5bdf8a29935", "user": 1, "revision": 10, "content_changed": false, "deleted": false, "page": 4}}, {"model": "wagtailcore.pagelogentry", "pk": 16, "fields": {"content_type": 45, "label": "Test Page", "action": "wagtail.edit", "data": {}, "timestamp": "2025-01-28T16:41:16.223Z", "uuid": "f00a404a-29d0-4d13-a3c1-3e897fba53f0", "user": 1, "revision": 11, "content_changed": true, "deleted": false, "page": 4}}, {"model": "wagtailcore.pagelogentry", "pk": 17, "fields": {"content_type": 45, "label": "Test Page", "action": "wagtail.delete", "data": {}, "timestamp": "2025-01-28T16:41:56.464Z", "uuid": "976d4e68-60b0-439f-8e6e-d806919c259a", "user": 1, "revision": null, "content_changed": false, "deleted": true, "page": 4}}, {"model": "wagtailcore.pagelogentry", "pk": 18, "fields": {"content_type": 45, "label": "test", "action": "wagtail.create", "data": {}, "timestamp": "2025-01-28T16:45:17.779Z", "uuid": "8eea6c03-3400-40b6-bb1e-b487eb97b3ac", "user": 1, "revision": null, "content_changed": true, "deleted": false, "page": 5}}, {"model": "wagtailcore.pagelogentry", "pk": 19, "fields": {"content_type": 45, "label": "test", "action": "wagtail.edit", "data": {}, "timestamp": "2025-01-28T16:45:17.804Z", "uuid": "8eea6c03-3400-40b6-bb1e-b487eb97b3ac", "user": 1, "revision": 12, "content_changed": true, "deleted": false, "page": 5}}, {"model": "wagtailcore.pagelogentry", "pk": 20, "fields": {"content_type": 45, "label": "test", "action": "wagtail.delete", "data": {}, "timestamp": "2025-01-28T16:48:56.587Z", "uuid": "6b6853e2-35ca-4ec1-b883-5c9318161b64", "user": 1, "revision": null, "content_changed": false, "deleted": true, "page": 5}}, {"model": "wagtailcore.pagelogentry", "pk": 21, "fields": {"content_type": 45, "label": "Test", "action": "wagtail.create", "data": {}, "timestamp": "2025-01-28T16:49:12.644Z", "uuid": "9a48538b-000a-4c7c-8e9e-7b5c6614f43b", "user": 1, "revision": null, "content_changed": true, "deleted": false, "page": 6}}, {"model": "wagtailcore.pagelogentry", "pk": 22, "fields": {"content_type": 45, "label": "Test", "action": "wagtail.edit", "data": {}, "timestamp": "2025-01-28T16:49:12.675Z", "uuid": "9a48538b-000a-4c7c-8e9e-7b5c6614f43b", "user": 1, "revision": 13, "content_changed": true, "deleted": false, "page": 6}}, {"model": "wagtailcore.pagelogentry", "pk": 23, "fields": {"content_type": 45, "label": "Test", "action": "wagtail.create", "data": {}, "timestamp": "2025-01-28T16:49:12.700Z", "uuid": "9a48538b-000a-4c7c-8e9e-7b5c6614f43b", "user": 1, "revision": null, "content_changed": true, "deleted": false, "page": 7}}, {"model": "wagtailcore.pagelogentry", "pk": 24, "fields": {"content_type": 45, "label": "Test", "action": "wagtail.create_alias", "data": {"page": {"id": 7, "title": "Test"}, "source": {"id": 1, "title": "Root"}, "destination": {"id": 1, "title": "Root"}}, "timestamp": "2025-01-28T16:49:12.702Z", "uuid": "9a48538b-000a-4c7c-8e9e-7b5c6614f43b", "user": 1, "revision": null, "content_changed": false, "deleted": false, "page": 7}}, {"model": "wagtailcore.pagelogentry", "pk": 25, "fields": {"content_type": 45, "label": "Site de test", "action": "wagtail.edit", "data": {}, "timestamp": "2025-01-28T16:49:58.001Z", "uuid": "22654903-ac9f-449f-a63b-c6e840f48efd", "user": 1, "revision": 14, "content_changed": true, "deleted": false, "page": 6}}, {"model": "wagtailcore.pagelogentry", "pk": 26, "fields": {"content_type": 45, "label": "Site de test", "action": "wagtail.publish", "data": {}, "timestamp": "2025-01-28T16:49:58.050Z", "uuid": "22654903-ac9f-449f-a63b-c6e840f48efd", "user": 1, "revision": 14, "content_changed": true, "deleted": false, "page": 6}}, {"model": "wagtailcore.pagelogentry", "pk": 27, "fields": {"content_type": 45, "label": "Site de test", "action": "wagtail.edit", "data": {}, "timestamp": "2025-01-28T16:50:10.859Z", "uuid": "f391356e-7321-4343-b39b-11d1cbb7bd0e", "user": 1, "revision": 15, "content_changed": true, "deleted": false, "page": 6}}, {"model": "wagtailcore.pagelogentry", "pk": 28, "fields": {"content_type": 45, "label": "Test Site", "action": "wagtail.rename", "data": {"title": {"old": "Site de test", "new": "Test Site"}}, "timestamp": "2025-01-28T16:50:10.911Z", "uuid": "f391356e-7321-4343-b39b-11d1cbb7bd0e", "user": 1, "revision": 15, "content_changed": false, "deleted": false, "page": 6}}, {"model": "wagtailcore.pagelogentry", "pk": 29, "fields": {"content_type": 45, "label": "Test Site", "action": "wagtail.publish", "data": {"title": {"old": "Site de test", "new": "Test Site"}}, "timestamp": "2025-01-28T16:50:10.916Z", "uuid": "f391356e-7321-4343-b39b-11d1cbb7bd0e", "user": 1, "revision": 15, "content_changed": true, "deleted": false, "page": 6}}, {"model": "wagtailcore.pagelogentry", "pk": 30, "fields": {"content_type": 45, "label": "Test Site", "action": "wagtail.convert_alias", "data": {"page": {"id": 7, "title": "Test Site"}}, "timestamp": "2025-01-28T16:52:40.434Z", "uuid": "619fc8cf-f250-4598-95ac-d89b572e2f26", "user": 1, "revision": 16, "content_changed": false, "deleted": false, "page": 7}}, {"model": "wagtailcore.pagelogentry", "pk": 31, "fields": {"content_type": 45, "label": "Test Site", "action": "wagtail.edit", "data": {}, "timestamp": "2025-01-28T16:52:52.419Z", "uuid": "b0fb4e19-e0fa-42d9-9b77-7480e78e24ac", "user": 1, "revision": 17, "content_changed": true, "deleted": false, "page": 7}}, {"model": "wagtailcore.pagelogentry", "pk": 32, "fields": {"content_type": 45, "label": "Site de test", "action": "wagtail.rename", "data": {"title": {"old": "Test Site", "new": "Site de test"}}, "timestamp": "2025-01-28T16:52:52.454Z", "uuid": "b0fb4e19-e0fa-42d9-9b77-7480e78e24ac", "user": 1, "revision": 17, "content_changed": false, "deleted": false, "page": 7}}, {"model": "wagtailcore.pagelogentry", "pk": 33, "fields": {"content_type": 45, "label": "Site de test", "action": "wagtail.publish", "data": {"title": {"old": "Test Site", "new": "Site de test"}}, "timestamp": "2025-01-28T16:52:52.458Z", "uuid": "b0fb4e19-e0fa-42d9-9b77-7480e78e24ac", "user": 1, "revision": 17, "content_changed": true, "deleted": false, "page": 7}}, {"model": "wagtailcore.pagelogentry", "pk": 34, "fields": {"content_type": 45, "label": "Test Site", "action": "wagtail.edit", "data": {}, "timestamp": "2025-02-02T08:54:06.413Z", "uuid": "27ef9d6d-8f5c-440c-90b6-b3ac002edf5c", "user": 1, "revision": 18, "content_changed": true, "deleted": false, "page": 6}}, {"model": "wagtailcore.pagelogentry", "pk": 35, "fields": {"content_type": 45, "label": "Test Site", "action": "wagtail.edit", "data": {}, "timestamp": "2025-02-02T08:54:08.000Z", "uuid": "dfe84bd4-924a-4d39-9821-9218ae8a276d", "user": 1, "revision": 19, "content_changed": true, "deleted": false, "page": 6}}, {"model": "wagtailcore.pagelogentry", "pk": 36, "fields": {"content_type": 45, "label": "Test Site", "action": "wagtail.publish", "data": {}, "timestamp": "2025-02-02T08:54:08.032Z", "uuid": "dfe84bd4-924a-4d39-9821-9218ae8a276d", "user": 1, "revision": 19, "content_changed": false, "deleted": false, "page": 6}}, {"model": "wagtailcore.pagelogentry", "pk": 37, "fields": {"content_type": 45, "label": "Site de test", "action": "wagtail.edit", "data": {}, "timestamp": "2025-02-02T08:54:15.632Z", "uuid": "3b467b0e-33e7-42bd-8235-502e25a31852", "user": 1, "revision": 20, "content_changed": true, "deleted": false, "page": 7}}, {"model": "wagtailcore.pagelogentry", "pk": 38, "fields": {"content_type": 45, "label": "Site de test", "action": "wagtail.publish", "data": {}, "timestamp": "2025-02-02T08:54:15.666Z", "uuid": "3b467b0e-33e7-42bd-8235-502e25a31852", "user": 1, "revision": 20, "content_changed": true, "deleted": false, "page": 7}}, {"model": "wagtailcore.pagelogentry", "pk": 39, "fields": {"content_type": 49, "label": "blog", "action": "wagtail.create", "data": {}, "timestamp": "2025-02-19T12:38:31.340Z", "uuid": "54ead35c-f879-408e-a1f5-c495435a39ce", "user": 1, "revision": null, "content_changed": true, "deleted": false, "page": 8}}, {"model": "wagtailcore.pagelogentry", "pk": 40, "fields": {"content_type": 49, "label": "blog", "action": "wagtail.edit", "data": {}, "timestamp": "2025-02-19T12:38:31.391Z", "uuid": "54ead35c-f879-408e-a1f5-c495435a39ce", "user": 1, "revision": 21, "content_changed": true, "deleted": false, "page": 8}}, {"model": "wagtailcore.pagelogentry", "pk": 41, "fields": {"content_type": 49, "label": "blog", "action": "wagtail.edit", "data": {}, "timestamp": "2025-02-19T12:38:34.193Z", "uuid": "0040cf85-c2c9-47cc-9148-86a27cc671f6", "user": 1, "revision": 22, "content_changed": true, "deleted": false, "page": 8}}, {"model": "wagtailcore.pagelogentry", "pk": 42, "fields": {"content_type": 49, "label": "blog", "action": "wagtail.publish", "data": {}, "timestamp": "2025-02-19T12:38:34.227Z", "uuid": "0040cf85-c2c9-47cc-9148-86a27cc671f6", "user": 1, "revision": 22, "content_changed": false, "deleted": false, "page": 8}}, {"model": "wagtailcore.pagelogentry", "pk": 43, "fields": {"content_type": 55, "label": "projects", "action": "wagtail.create", "data": {}, "timestamp": "2025-02-19T12:38:51.919Z", "uuid": "8de629e7-1742-4f76-afc8-cf98f2209222", "user": 1, "revision": null, "content_changed": true, "deleted": false, "page": 9}}, {"model": "wagtailcore.pagelogentry", "pk": 44, "fields": {"content_type": 55, "label": "projects", "action": "wagtail.edit", "data": {}, "timestamp": "2025-02-19T12:38:51.960Z", "uuid": "8de629e7-1742-4f76-afc8-cf98f2209222", "user": 1, "revision": 23, "content_changed": true, "deleted": false, "page": 9}}, {"model": "wagtailcore.pagelogentry", "pk": 45, "fields": {"content_type": 55, "label": "projects", "action": "wagtail.publish", "data": {}, "timestamp": "2025-02-19T12:38:52.003Z", "uuid": "8de629e7-1742-4f76-afc8-cf98f2209222", "user": 1, "revision": 23, "content_changed": true, "deleted": false, "page": 9}}, {"model": "wagtailcore.pagelogentry", "pk": 46, "fields": {"content_type": 50, "label": "Blog Page 1", "action": "wagtail.create", "data": {}, "timestamp": "2025-02-19T12:39:45.043Z", "uuid": "5b1d1f99-7d59-4f61-8cde-7f5738381010", "user": 1, "revision": null, "content_changed": true, "deleted": false, "page": 10}}, {"model": "wagtailcore.pagelogentry", "pk": 47, "fields": {"content_type": 50, "label": "Blog Page 1", "action": "wagtail.edit", "data": {}, "timestamp": "2025-02-19T12:39:45.099Z", "uuid": "5b1d1f99-7d59-4f61-8cde-7f5738381010", "user": 1, "revision": 24, "content_changed": true, "deleted": false, "page": 10}}, {"model": "wagtailcore.pagelogentry", "pk": 48, "fields": {"content_type": 50, "label": "Blog Page 1", "action": "wagtail.publish", "data": {}, "timestamp": "2025-02-19T12:39:45.142Z", "uuid": "5b1d1f99-7d59-4f61-8cde-7f5738381010", "user": 1, "revision": 24, "content_changed": true, "deleted": false, "page": 10}}, {"model": "wagtailcore.pagelogentry", "pk": 49, "fields": {"content_type": 50, "label": "Blog Page 2", "action": "wagtail.create", "data": {}, "timestamp": "2025-02-19T12:40:42.177Z", "uuid": "637c67b7-7a37-4ab9-9b71-93281817bdab", "user": 1, "revision": null, "content_changed": true, "deleted": false, "page": 11}}, {"model": "wagtailcore.pagelogentry", "pk": 50, "fields": {"content_type": 50, "label": "Blog Page 2", "action": "wagtail.edit", "data": {}, "timestamp": "2025-02-19T12:40:42.229Z", "uuid": "637c67b7-7a37-4ab9-9b71-93281817bdab", "user": 1, "revision": 25, "content_changed": true, "deleted": false, "page": 11}}, {"model": "wagtailcore.pagelogentry", "pk": 51, "fields": {"content_type": 50, "label": "Blog Page 2", "action": "wagtail.publish", "data": {}, "timestamp": "2025-02-19T12:40:42.272Z", "uuid": "637c67b7-7a37-4ab9-9b71-93281817bdab", "user": 1, "revision": 25, "content_changed": true, "deleted": false, "page": 11}}, {"model": "wagtailcore.pagelogentry", "pk": 52, "fields": {"content_type": 56, "label": "Project 1", "action": "wagtail.create", "data": {}, "timestamp": "2025-02-19T12:41:08.632Z", "uuid": "b5034106-4c31-444d-9653-1509590d2e0d", "user": 1, "revision": null, "content_changed": true, "deleted": false, "page": 12}}, {"model": "wagtailcore.pagelogentry", "pk": 53, "fields": {"content_type": 56, "label": "Project 1", "action": "wagtail.edit", "data": {}, "timestamp": "2025-02-19T12:41:08.676Z", "uuid": "b5034106-4c31-444d-9653-1509590d2e0d", "user": 1, "revision": 26, "content_changed": true, "deleted": false, "page": 12}}, {"model": "wagtailcore.pagelogentry", "pk": 54, "fields": {"content_type": 56, "label": "Project 1", "action": "wagtail.publish", "data": {}, "timestamp": "2025-02-19T12:41:08.712Z", "uuid": "b5034106-4c31-444d-9653-1509590d2e0d", "user": 1, "revision": 26, "content_changed": true, "deleted": false, "page": 12}}, {"model": "wagtailcore.pagelogentry", "pk": 55, "fields": {"content_type": 56, "label": "Projet 2", "action": "wagtail.create", "data": {}, "timestamp": "2025-02-19T12:41:24.121Z", "uuid": "74bd7678-ee24-416c-836b-637f9875b785", "user": 1, "revision": null, "content_changed": true, "deleted": false, "page": 13}}, {"model": "wagtailcore.pagelogentry", "pk": 56, "fields": {"content_type": 56, "label": "Projet 2", "action": "wagtail.edit", "data": {}, "timestamp": "2025-02-19T12:41:24.160Z", "uuid": "74bd7678-ee24-416c-836b-637f9875b785", "user": 1, "revision": 27, "content_changed": true, "deleted": false, "page": 13}}, {"model": "wagtailcore.pagelogentry", "pk": 57, "fields": {"content_type": 56, "label": "Projet 2", "action": "wagtail.publish", "data": {}, "timestamp": "2025-02-19T12:41:24.193Z", "uuid": "74bd7678-ee24-416c-836b-637f9875b785", "user": 1, "revision": 27, "content_changed": true, "deleted": false, "page": 13}}, {"model": "wagtailcore.pagelogentry", "pk": 58, "fields": {"content_type": 56, "label": "Project 1", "action": "wagtail.edit", "data": {}, "timestamp": "2025-02-19T13:56:01.760Z", "uuid": "0cb00d5a-3afc-4bc4-9eca-8b6b1c634a11", "user": 1, "revision": 28, "content_changed": true, "deleted": false, "page": 12}}, {"model": "wagtailcore.pagelogentry", "pk": 59, "fields": {"content_type": 56, "label": "Project 1", "action": "wagtail.publish", "data": {}, "timestamp": "2025-02-19T13:56:01.808Z", "uuid": "0cb00d5a-3afc-4bc4-9eca-8b6b1c634a11", "user": 1, "revision": 28, "content_changed": true, "deleted": false, "page": 12}}, {"model": "wagtailcore.pagelogentry", "pk": 60, "fields": {"content_type": 56, "label": "Project 1", "action": "wagtail.edit", "data": {}, "timestamp": "2025-02-19T13:56:06.351Z", "uuid": "2f966414-92be-439c-8086-5240e6c17ab6", "user": 1, "revision": 29, "content_changed": true, "deleted": false, "page": 12}}, {"model": "wagtailcore.pagelogentry", "pk": 61, "fields": {"content_type": 56, "label": "Project 1", "action": "wagtail.workflow.start", "data": {"workflow": {"id": 1, "title": "Moderators approval", "status": "in_progress", "next": {"id": 1, "title": "Moderators approval"}, "task_state_id": 1}}, "timestamp": "2025-02-19T13:56:06.389Z", "uuid": "2f966414-92be-439c-8086-5240e6c17ab6", "user": 1, "revision": 29, "content_changed": false, "deleted": false, "page": 12}}, {"model": "wagtailcore.pagelogentry", "pk": 62, "fields": {"content_type": 56, "label": "Project 1", "action": "wagtail.edit", "data": {}, "timestamp": "2025-02-19T13:56:14.268Z", "uuid": "033ba046-3e23-4127-8852-6aa98bf466f6", "user": 1, "revision": 30, "content_changed": true, "deleted": false, "page": 12}}, {"model": "wagtailcore.pagelogentry", "pk": 63, "fields": {"content_type": 56, "label": "Project 1", "action": "wagtail.workflow.cancel", "data": {"workflow": {"id": 1, "title": "Moderators approval", "status": "cancelled", "task_state_id": 1, "task": {"id": 1, "title": "Moderators approval"}}}, "timestamp": "2025-02-19T13:56:14.325Z", "uuid": "033ba046-3e23-4127-8852-6aa98bf466f6", "user": 1, "revision": 29, "content_changed": false, "deleted": false, "page": 12}}, {"model": "wagtailcore.pagelogentry", "pk": 64, "fields": {"content_type": 56, "label": "Project 1", "action": "wagtail.publish", "data": {}, "timestamp": "2025-02-19T13:56:14.335Z", "uuid": "033ba046-3e23-4127-8852-6aa98bf466f6", "user": 1, "revision": 30, "content_changed": false, "deleted": false, "page": 12}}, {"model": "wagtailcore.pagelogentry", "pk": 65, "fields": {"content_type": 56, "label": "Projet 2", "action": "wagtail.edit", "data": {}, "timestamp": "2025-02-19T13:56:22.936Z", "uuid": "81bf446b-36b9-4df2-aaf2-11ec1fb5aa5f", "user": 1, "revision": 31, "content_changed": true, "deleted": false, "page": 13}}, {"model": "wagtailcore.pagelogentry", "pk": 66, "fields": {"content_type": 56, "label": "Projet 2", "action": "wagtail.publish", "data": {}, "timestamp": "2025-02-19T13:56:22.980Z", "uuid": "81bf446b-36b9-4df2-aaf2-11ec1fb5aa5f", "user": 1, "revision": 31, "content_changed": true, "deleted": false, "page": 13}}, {"model": "wagtailcore.pagelogentry", "pk": 67, "fields": {"content_type": 56, "label": "Project 1", "action": "wagtail.edit", "data": {}, "timestamp": "2025-02-19T13:59:17.574Z", "uuid": "6ad2416a-a83e-4974-adb1-a4c380dcca2f", "user": 1, "revision": 32, "content_changed": true, "deleted": false, "page": 12}}, {"model": "wagtailcore.pagelogentry", "pk": 68, "fields": {"content_type": 56, "label": "Project 1", "action": "wagtail.publish", "data": {}, "timestamp": "2025-02-19T13:59:17.620Z", "uuid": "6ad2416a-a83e-4974-adb1-a4c380dcca2f", "user": 1, "revision": 32, "content_changed": true, "deleted": false, "page": 12}}, {"model": "wagtailcore.pagelogentry", "pk": 69, "fields": {"content_type": 56, "label": "Projet 2", "action": "wagtail.edit", "data": {}, "timestamp": "2025-02-19T14:00:19.847Z", "uuid": "19853f3f-677b-40bf-a153-22832aa5c510", "user": 1, "revision": 33, "content_changed": true, "deleted": false, "page": 13}}, {"model": "wagtailcore.pagelogentry", "pk": 70, "fields": {"content_type": 56, "label": "Projet 2", "action": "wagtail.publish", "data": {}, "timestamp": "2025-02-19T14:00:19.894Z", "uuid": "19853f3f-677b-40bf-a153-22832aa5c510", "user": 1, "revision": 33, "content_changed": true, "deleted": false, "page": 13}}, {"model": "wagtailcore.pagesubscription", "pk": 3, "fields": {"user": 1, "page": 6, "comment_notifications": true}}, {"model": "wagtailcore.pagesubscription", "pk": 4, "fields": {"user": 1, "page": 3, "comment_notifications": false}}, {"model": "wagtailcore.pagesubscription", "pk": 5, "fields": {"user": 1, "page": 7, "comment_notifications": false}}, {"model": "wagtailcore.pagesubscription", "pk": 6, "fields": {"user": 1, "page": 8, "comment_notifications": true}}, {"model": "wagtailcore.pagesubscription", "pk": 7, "fields": {"user": 1, "page": 9, "comment_notifications": true}}, {"model": "wagtailcore.pagesubscription", "pk": 8, "fields": {"user": 1, "page": 10, "comment_notifications": true}}, {"model": "wagtailcore.pagesubscription", "pk": 9, "fields": {"user": 1, "page": 11, "comment_notifications": true}}, {"model": "wagtailcore.pagesubscription", "pk": 10, "fields": {"user": 1, "page": 12, "comment_notifications": true}}, {"model": "wagtailcore.pagesubscription", "pk": 11, "fields": {"user": 1, "page": 13, "comment_notifications": true}}, {"model": "taggit.tag", "pk": 1, "fields": {"name": "IA", "slug": "ia"}}, {"model": "taggit.tag", "pk": 2, "fields": {"name": "Web", "slug": "web"}}, {"model": "auth.permission", "pk": 1, "fields": {"name": "Can access Wagtail admin", "content_type": 3, "codename": "access_admin"}}, {"model": "auth.permission", "pk": 2, "fields": {"name": "Can add locale", "content_type": 5, "codename": "add_locale"}}, {"model": "auth.permission", "pk": 3, "fields": {"name": "Can change locale", "content_type": 5, "codename": "change_locale"}}, {"model": "auth.permission", "pk": 4, "fields": {"name": "Can delete locale", "content_type": 5, "codename": "delete_locale"}}, {"model": "auth.permission", "pk": 5, "fields": {"name": "Can view locale", "content_type": 5, "codename": "view_locale"}}, {"model": "auth.permission", "pk": 6, "fields": {"name": "Can add site", "content_type": 6, "codename": "add_site"}}, {"model": "auth.permission", "pk": 7, "fields": {"name": "Can change site", "content_type": 6, "codename": "change_site"}}, {"model": "auth.permission", "pk": 8, "fields": {"name": "Can delete site", "content_type": 6, "codename": "delete_site"}}, {"model": "auth.permission", "pk": 9, "fields": {"name": "Can view site", "content_type": 6, "codename": "view_site"}}, {"model": "auth.permission", "pk": 10, "fields": {"name": "Can add model log entry", "content_type": 7, "codename": "add_modellogentry"}}, {"model": "auth.permission", "pk": 11, "fields": {"name": "Can change model log entry", "content_type": 7, "codename": "change_modellogentry"}}, {"model": "auth.permission", "pk": 12, "fields": {"name": "Can delete model log entry", "content_type": 7, "codename": "delete_modellogentry"}}, {"model": "auth.permission", "pk": 13, "fields": {"name": "Can view model log entry", "content_type": 7, "codename": "view_modellogentry"}}, {"model": "auth.permission", "pk": 14, "fields": {"name": "Can add collection view restriction", "content_type": 8, "codename": "add_collectionviewrestriction"}}, {"model": "auth.permission", "pk": 15, "fields": {"name": "Can change collection view restriction", "content_type": 8, "codename": "change_collectionviewrestriction"}}, {"model": "auth.permission", "pk": 16, "fields": {"name": "Can delete collection view restriction", "content_type": 8, "codename": "delete_collectionviewrestriction"}}, {"model": "auth.permission", "pk": 17, "fields": {"name": "Can view collection view restriction", "content_type": 8, "codename": "view_collectionviewrestriction"}}, {"model": "auth.permission", "pk": 18, "fields": {"name": "Can add collection", "content_type": 9, "codename": "add_collection"}}, {"model": "auth.permission", "pk": 19, "fields": {"name": "Can change collection", "content_type": 9, "codename": "change_collection"}}, {"model": "auth.permission", "pk": 20, "fields": {"name": "Can delete collection", "content_type": 9, "codename": "delete_collection"}}, {"model": "auth.permission", "pk": 21, "fields": {"name": "Can view collection", "content_type": 9, "codename": "view_collection"}}, {"model": "auth.permission", "pk": 22, "fields": {"name": "Can add group collection permission", "content_type": 10, "codename": "add_groupcollectionpermission"}}, {"model": "auth.permission", "pk": 23, "fields": {"name": "Can change group collection permission", "content_type": 10, "codename": "change_groupcollectionpermission"}}, {"model": "auth.permission", "pk": 24, "fields": {"name": "Can delete group collection permission", "content_type": 10, "codename": "delete_groupcollectionpermission"}}, {"model": "auth.permission", "pk": 25, "fields": {"name": "Can view group collection permission", "content_type": 10, "codename": "view_groupcollectionpermission"}}, {"model": "auth.permission", "pk": 26, "fields": {"name": "Can add uploaded file", "content_type": 11, "codename": "add_uploadedfile"}}, {"model": "auth.permission", "pk": 27, "fields": {"name": "Can change uploaded file", "content_type": 11, "codename": "change_uploadedfile"}}, {"model": "auth.permission", "pk": 28, "fields": {"name": "Can delete uploaded file", "content_type": 11, "codename": "delete_uploadedfile"}}, {"model": "auth.permission", "pk": 29, "fields": {"name": "Can view uploaded file", "content_type": 11, "codename": "view_uploadedfile"}}, {"model": "auth.permission", "pk": 30, "fields": {"name": "Can add reference index", "content_type": 12, "codename": "add_referenceindex"}}, {"model": "auth.permission", "pk": 31, "fields": {"name": "Can change reference index", "content_type": 12, "codename": "change_referenceindex"}}, {"model": "auth.permission", "pk": 32, "fields": {"name": "Can delete reference index", "content_type": 12, "codename": "delete_referenceindex"}}, {"model": "auth.permission", "pk": 33, "fields": {"name": "Can view reference index", "content_type": 12, "codename": "view_referenceindex"}}, {"model": "auth.permission", "pk": 34, "fields": {"name": "Can add page", "content_type": 1, "codename": "add_page"}}, {"model": "auth.permission", "pk": 35, "fields": {"name": "Can change page", "content_type": 1, "codename": "change_page"}}, {"model": "auth.permission", "pk": 36, "fields": {"name": "Can delete page", "content_type": 1, "codename": "delete_page"}}, {"model": "auth.permission", "pk": 37, "fields": {"name": "Can view page", "content_type": 1, "codename": "view_page"}}, {"model": "auth.permission", "pk": 38, "fields": {"name": "Delete pages with children", "content_type": 1, "codename": "bulk_delete_page"}}, {"model": "auth.permission", "pk": 39, "fields": {"name": "Lock/unlock pages you've locked", "content_type": 1, "codename": "lock_page"}}, {"model": "auth.permission", "pk": 40, "fields": {"name": "Publish any page", "content_type": 1, "codename": "publish_page"}}, {"model": "auth.permission", "pk": 41, "fields": {"name": "Unlock any page", "content_type": 1, "codename": "unlock_page"}}, {"model": "auth.permission", "pk": 42, "fields": {"name": "Can add revision", "content_type": 13, "codename": "add_revision"}}, {"model": "auth.permission", "pk": 43, "fields": {"name": "Can change revision", "content_type": 13, "codename": "change_revision"}}, {"model": "auth.permission", "pk": 44, "fields": {"name": "Can delete revision", "content_type": 13, "codename": "delete_revision"}}, {"model": "auth.permission", "pk": 45, "fields": {"name": "Can view revision", "content_type": 13, "codename": "view_revision"}}, {"model": "auth.permission", "pk": 46, "fields": {"name": "Can add group page permission", "content_type": 14, "codename": "add_grouppagepermission"}}, {"model": "auth.permission", "pk": 47, "fields": {"name": "Can change group page permission", "content_type": 14, "codename": "change_grouppagepermission"}}, {"model": "auth.permission", "pk": 48, "fields": {"name": "Can delete group page permission", "content_type": 14, "codename": "delete_grouppagepermission"}}, {"model": "auth.permission", "pk": 49, "fields": {"name": "Can view group page permission", "content_type": 14, "codename": "view_grouppagepermission"}}, {"model": "auth.permission", "pk": 50, "fields": {"name": "Can add page view restriction", "content_type": 15, "codename": "add_pageviewrestriction"}}, {"model": "auth.permission", "pk": 51, "fields": {"name": "Can change page view restriction", "content_type": 15, "codename": "change_pageviewrestriction"}}, {"model": "auth.permission", "pk": 52, "fields": {"name": "Can delete page view restriction", "content_type": 15, "codename": "delete_pageviewrestriction"}}, {"model": "auth.permission", "pk": 53, "fields": {"name": "Can view page view restriction", "content_type": 15, "codename": "view_pageviewrestriction"}}, {"model": "auth.permission", "pk": 54, "fields": {"name": "Can add workflow page", "content_type": 16, "codename": "add_workflowpage"}}, {"model": "auth.permission", "pk": 55, "fields": {"name": "Can change workflow page", "content_type": 16, "codename": "change_workflowpage"}}, {"model": "auth.permission", "pk": 56, "fields": {"name": "Can delete workflow page", "content_type": 16, "codename": "delete_workflowpage"}}, {"model": "auth.permission", "pk": 57, "fields": {"name": "Can view workflow page", "content_type": 16, "codename": "view_workflowpage"}}, {"model": "auth.permission", "pk": 58, "fields": {"name": "Can add workflow content type", "content_type": 17, "codename": "add_workflowcontenttype"}}, {"model": "auth.permission", "pk": 59, "fields": {"name": "Can change workflow content type", "content_type": 17, "codename": "change_workflowcontenttype"}}, {"model": "auth.permission", "pk": 60, "fields": {"name": "Can delete workflow content type", "content_type": 17, "codename": "delete_workflowcontenttype"}}, {"model": "auth.permission", "pk": 61, "fields": {"name": "Can view workflow content type", "content_type": 17, "codename": "view_workflowcontenttype"}}, {"model": "auth.permission", "pk": 62, "fields": {"name": "Can add workflow task order", "content_type": 18, "codename": "add_workflowtask"}}, {"model": "auth.permission", "pk": 63, "fields": {"name": "Can change workflow task order", "content_type": 18, "codename": "change_workflowtask"}}, {"model": "auth.permission", "pk": 64, "fields": {"name": "Can delete workflow task order", "content_type": 18, "codename": "delete_workflowtask"}}, {"model": "auth.permission", "pk": 65, "fields": {"name": "Can view workflow task order", "content_type": 18, "codename": "view_workflowtask"}}, {"model": "auth.permission", "pk": 66, "fields": {"name": "Can add task", "content_type": 19, "codename": "add_task"}}, {"model": "auth.permission", "pk": 67, "fields": {"name": "Can change task", "content_type": 19, "codename": "change_task"}}, {"model": "auth.permission", "pk": 68, "fields": {"name": "Can delete task", "content_type": 19, "codename": "delete_task"}}, {"model": "auth.permission", "pk": 69, "fields": {"name": "Can view task", "content_type": 19, "codename": "view_task"}}, {"model": "auth.permission", "pk": 70, "fields": {"name": "Can add workflow", "content_type": 20, "codename": "add_workflow"}}, {"model": "auth.permission", "pk": 71, "fields": {"name": "Can change workflow", "content_type": 20, "codename": "change_workflow"}}, {"model": "auth.permission", "pk": 72, "fields": {"name": "Can delete workflow", "content_type": 20, "codename": "delete_workflow"}}, {"model": "auth.permission", "pk": 73, "fields": {"name": "Can view workflow", "content_type": 20, "codename": "view_workflow"}}, {"model": "auth.permission", "pk": 74, "fields": {"name": "Can add Group approval task", "content_type": 4, "codename": "add_groupapprovaltask"}}, {"model": "auth.permission", "pk": 75, "fields": {"name": "Can change Group approval task", "content_type": 4, "codename": "change_groupapprovaltask"}}, {"model": "auth.permission", "pk": 76, "fields": {"name": "Can delete Group approval task", "content_type": 4, "codename": "delete_groupapprovaltask"}}, {"model": "auth.permission", "pk": 77, "fields": {"name": "Can view Group approval task", "content_type": 4, "codename": "view_groupapprovaltask"}}, {"model": "auth.permission", "pk": 78, "fields": {"name": "Can add Workflow state", "content_type": 21, "codename": "add_workflowstate"}}, {"model": "auth.permission", "pk": 79, "fields": {"name": "Can change Workflow state", "content_type": 21, "codename": "change_workflowstate"}}, {"model": "auth.permission", "pk": 80, "fields": {"name": "Can delete Workflow state", "content_type": 21, "codename": "delete_workflowstate"}}, {"model": "auth.permission", "pk": 81, "fields": {"name": "Can view Workflow state", "content_type": 21, "codename": "view_workflowstate"}}, {"model": "auth.permission", "pk": 82, "fields": {"name": "Can add Task state", "content_type": 22, "codename": "add_taskstate"}}, {"model": "auth.permission", "pk": 83, "fields": {"name": "Can change Task state", "content_type": 22, "codename": "change_taskstate"}}, {"model": "auth.permission", "pk": 84, "fields": {"name": "Can delete Task state", "content_type": 22, "codename": "delete_taskstate"}}, {"model": "auth.permission", "pk": 85, "fields": {"name": "Can view Task state", "content_type": 22, "codename": "view_taskstate"}}, {"model": "auth.permission", "pk": 86, "fields": {"name": "Can add page log entry", "content_type": 23, "codename": "add_pagelogentry"}}, {"model": "auth.permission", "pk": 87, "fields": {"name": "Can change page log entry", "content_type": 23, "codename": "change_pagelogentry"}}, {"model": "auth.permission", "pk": 88, "fields": {"name": "Can delete page log entry", "content_type": 23, "codename": "delete_pagelogentry"}}, {"model": "auth.permission", "pk": 89, "fields": {"name": "Can view page log entry", "content_type": 23, "codename": "view_pagelogentry"}}, {"model": "auth.permission", "pk": 90, "fields": {"name": "Can add comment", "content_type": 24, "codename": "add_comment"}}, {"model": "auth.permission", "pk": 91, "fields": {"name": "Can change comment", "content_type": 24, "codename": "change_comment"}}, {"model": "auth.permission", "pk": 92, "fields": {"name": "Can delete comment", "content_type": 24, "codename": "delete_comment"}}, {"model": "auth.permission", "pk": 93, "fields": {"name": "Can view comment", "content_type": 24, "codename": "view_comment"}}, {"model": "auth.permission", "pk": 94, "fields": {"name": "Can add comment reply", "content_type": 25, "codename": "add_commentreply"}}, {"model": "auth.permission", "pk": 95, "fields": {"name": "Can change comment reply", "content_type": 25, "codename": "change_commentreply"}}, {"model": "auth.permission", "pk": 96, "fields": {"name": "Can delete comment reply", "content_type": 25, "codename": "delete_commentreply"}}, {"model": "auth.permission", "pk": 97, "fields": {"name": "Can view comment reply", "content_type": 25, "codename": "view_commentreply"}}, {"model": "auth.permission", "pk": 98, "fields": {"name": "Can add page subscription", "content_type": 26, "codename": "add_pagesubscription"}}, {"model": "auth.permission", "pk": 99, "fields": {"name": "Can change page subscription", "content_type": 26, "codename": "change_pagesubscription"}}, {"model": "auth.permission", "pk": 100, "fields": {"name": "Can delete page subscription", "content_type": 26, "codename": "delete_pagesubscription"}}, {"model": "auth.permission", "pk": 101, "fields": {"name": "Can view page subscription", "content_type": 26, "codename": "view_pagesubscription"}}, {"model": "auth.permission", "pk": 102, "fields": {"name": "Can add document", "content_type": 27, "codename": "add_document"}}, {"model": "auth.permission", "pk": 103, "fields": {"name": "Can change document", "content_type": 27, "codename": "change_document"}}, {"model": "auth.permission", "pk": 104, "fields": {"name": "Can delete document", "content_type": 27, "codename": "delete_document"}}, {"model": "auth.permission", "pk": 105, "fields": {"name": "Can choose document", "content_type": 27, "codename": "choose_document"}}, {"model": "auth.permission", "pk": 106, "fields": {"name": "Can add image", "content_type": 28, "codename": "add_image"}}, {"model": "auth.permission", "pk": 107, "fields": {"name": "Can change image", "content_type": 28, "codename": "change_image"}}, {"model": "auth.permission", "pk": 108, "fields": {"name": "Can delete image", "content_type": 28, "codename": "delete_image"}}, {"model": "auth.permission", "pk": 109, "fields": {"name": "Can choose image", "content_type": 28, "codename": "choose_image"}}, {"model": "auth.permission", "pk": 110, "fields": {"name": "Can add home page", "content_type": 2, "codename": "add_homepage"}}, {"model": "auth.permission", "pk": 111, "fields": {"name": "Can change home page", "content_type": 2, "codename": "change_homepage"}}, {"model": "auth.permission", "pk": 112, "fields": {"name": "Can delete home page", "content_type": 2, "codename": "delete_homepage"}}, {"model": "auth.permission", "pk": 113, "fields": {"name": "Can view home page", "content_type": 2, "codename": "view_homepage"}}, {"model": "auth.permission", "pk": 114, "fields": {"name": "Can add form submission", "content_type": 29, "codename": "add_formsubmission"}}, {"model": "auth.permission", "pk": 115, "fields": {"name": "Can change form submission", "content_type": 29, "codename": "change_formsubmission"}}, {"model": "auth.permission", "pk": 116, "fields": {"name": "Can delete form submission", "content_type": 29, "codename": "delete_formsubmission"}}, {"model": "auth.permission", "pk": 117, "fields": {"name": "Can view form submission", "content_type": 29, "codename": "view_formsubmission"}}, {"model": "auth.permission", "pk": 118, "fields": {"name": "Can add redirect", "content_type": 30, "codename": "add_redirect"}}, {"model": "auth.permission", "pk": 119, "fields": {"name": "Can change redirect", "content_type": 30, "codename": "change_redirect"}}, {"model": "auth.permission", "pk": 120, "fields": {"name": "Can delete redirect", "content_type": 30, "codename": "delete_redirect"}}, {"model": "auth.permission", "pk": 121, "fields": {"name": "Can view redirect", "content_type": 30, "codename": "view_redirect"}}, {"model": "auth.permission", "pk": 122, "fields": {"name": "Can add embed", "content_type": 31, "codename": "add_embed"}}, {"model": "auth.permission", "pk": 123, "fields": {"name": "Can change embed", "content_type": 31, "codename": "change_embed"}}, {"model": "auth.permission", "pk": 124, "fields": {"name": "Can delete embed", "content_type": 31, "codename": "delete_embed"}}, {"model": "auth.permission", "pk": 125, "fields": {"name": "Can view embed", "content_type": 31, "codename": "view_embed"}}, {"model": "auth.permission", "pk": 126, "fields": {"name": "Can add user profile", "content_type": 32, "codename": "add_userprofile"}}, {"model": "auth.permission", "pk": 127, "fields": {"name": "Can change user profile", "content_type": 32, "codename": "change_userprofile"}}, {"model": "auth.permission", "pk": 128, "fields": {"name": "Can delete user profile", "content_type": 32, "codename": "delete_userprofile"}}, {"model": "auth.permission", "pk": 129, "fields": {"name": "Can view user profile", "content_type": 32, "codename": "view_userprofile"}}, {"model": "auth.permission", "pk": 130, "fields": {"name": "Can view document", "content_type": 27, "codename": "view_document"}}, {"model": "auth.permission", "pk": 131, "fields": {"name": "Can view image", "content_type": 28, "codename": "view_image"}}, {"model": "auth.permission", "pk": 132, "fields": {"name": "Can add rendition", "content_type": 33, "codename": "add_rendition"}}, {"model": "auth.permission", "pk": 133, "fields": {"name": "Can change rendition", "content_type": 33, "codename": "change_rendition"}}, {"model": "auth.permission", "pk": 134, "fields": {"name": "Can delete rendition", "content_type": 33, "codename": "delete_rendition"}}, {"model": "auth.permission", "pk": 135, "fields": {"name": "Can view rendition", "content_type": 33, "codename": "view_rendition"}}, {"model": "auth.permission", "pk": 136, "fields": {"name": "Can add index entry", "content_type": 34, "codename": "add_indexentry"}}, {"model": "auth.permission", "pk": 137, "fields": {"name": "Can change index entry", "content_type": 34, "codename": "change_indexentry"}}, {"model": "auth.permission", "pk": 138, "fields": {"name": "Can delete index entry", "content_type": 34, "codename": "delete_indexentry"}}, {"model": "auth.permission", "pk": 139, "fields": {"name": "Can view index entry", "content_type": 34, "codename": "view_indexentry"}}, {"model": "auth.permission", "pk": 140, "fields": {"name": "Can add sqliteftsindexentry", "content_type": 35, "codename": "add_sqliteftsindexentry"}}, {"model": "auth.permission", "pk": 141, "fields": {"name": "Can change sqliteftsindexentry", "content_type": 35, "codename": "change_sqliteftsindexentry"}}, {"model": "auth.permission", "pk": 142, "fields": {"name": "Can delete sqliteftsindexentry", "content_type": 35, "codename": "delete_sqliteftsindexentry"}}, {"model": "auth.permission", "pk": 143, "fields": {"name": "Can view sqliteftsindexentry", "content_type": 35, "codename": "view_sqliteftsindexentry"}}, {"model": "auth.permission", "pk": 144, "fields": {"name": "Can add editing session", "content_type": 36, "codename": "add_editingsession"}}, {"model": "auth.permission", "pk": 145, "fields": {"name": "Can change editing session", "content_type": 36, "codename": "change_editingsession"}}, {"model": "auth.permission", "pk": 146, "fields": {"name": "Can delete editing session", "content_type": 36, "codename": "delete_editingsession"}}, {"model": "auth.permission", "pk": 147, "fields": {"name": "Can view editing session", "content_type": 36, "codename": "view_editingsession"}}, {"model": "auth.permission", "pk": 148, "fields": {"name": "Can add tag", "content_type": 37, "codename": "add_tag"}}, {"model": "auth.permission", "pk": 149, "fields": {"name": "Can change tag", "content_type": 37, "codename": "change_tag"}}, {"model": "auth.permission", "pk": 150, "fields": {"name": "Can delete tag", "content_type": 37, "codename": "delete_tag"}}, {"model": "auth.permission", "pk": 151, "fields": {"name": "Can view tag", "content_type": 37, "codename": "view_tag"}}, {"model": "auth.permission", "pk": 152, "fields": {"name": "Can add tagged item", "content_type": 38, "codename": "add_taggeditem"}}, {"model": "auth.permission", "pk": 153, "fields": {"name": "Can change tagged item", "content_type": 38, "codename": "change_taggeditem"}}, {"model": "auth.permission", "pk": 154, "fields": {"name": "Can delete tagged item", "content_type": 38, "codename": "delete_taggeditem"}}, {"model": "auth.permission", "pk": 155, "fields": {"name": "Can view tagged item", "content_type": 38, "codename": "view_taggeditem"}}, {"model": "auth.permission", "pk": 156, "fields": {"name": "Can add log entry", "content_type": 39, "codename": "add_logentry"}}, {"model": "auth.permission", "pk": 157, "fields": {"name": "Can change log entry", "content_type": 39, "codename": "change_logentry"}}, {"model": "auth.permission", "pk": 158, "fields": {"name": "Can delete log entry", "content_type": 39, "codename": "delete_logentry"}}, {"model": "auth.permission", "pk": 159, "fields": {"name": "Can view log entry", "content_type": 39, "codename": "view_logentry"}}, {"model": "auth.permission", "pk": 160, "fields": {"name": "Can add permission", "content_type": 40, "codename": "add_permission"}}, {"model": "auth.permission", "pk": 161, "fields": {"name": "Can change permission", "content_type": 40, "codename": "change_permission"}}, {"model": "auth.permission", "pk": 162, "fields": {"name": "Can delete permission", "content_type": 40, "codename": "delete_permission"}}, {"model": "auth.permission", "pk": 163, "fields": {"name": "Can view permission", "content_type": 40, "codename": "view_permission"}}, {"model": "auth.permission", "pk": 164, "fields": {"name": "Can add group", "content_type": 41, "codename": "add_group"}}, {"model": "auth.permission", "pk": 165, "fields": {"name": "Can change group", "content_type": 41, "codename": "change_group"}}, {"model": "auth.permission", "pk": 166, "fields": {"name": "Can delete group", "content_type": 41, "codename": "delete_group"}}, {"model": "auth.permission", "pk": 167, "fields": {"name": "Can view group", "content_type": 41, "codename": "view_group"}}, {"model": "auth.permission", "pk": 168, "fields": {"name": "Can add user", "content_type": 42, "codename": "add_user"}}, {"model": "auth.permission", "pk": 169, "fields": {"name": "Can change user", "content_type": 42, "codename": "change_user"}}, {"model": "auth.permission", "pk": 170, "fields": {"name": "Can delete user", "content_type": 42, "codename": "delete_user"}}, {"model": "auth.permission", "pk": 171, "fields": {"name": "Can view user", "content_type": 42, "codename": "view_user"}}, {"model": "auth.permission", "pk": 172, "fields": {"name": "Can add content type", "content_type": 43, "codename": "add_contenttype"}}, {"model": "auth.permission", "pk": 173, "fields": {"name": "Can change content type", "content_type": 43, "codename": "change_contenttype"}}, {"model": "auth.permission", "pk": 174, "fields": {"name": "Can delete content type", "content_type": 43, "codename": "delete_contenttype"}}, {"model": "auth.permission", "pk": 175, "fields": {"name": "Can view content type", "content_type": 43, "codename": "view_contenttype"}}, {"model": "auth.permission", "pk": 176, "fields": {"name": "Can add session", "content_type": 44, "codename": "add_session"}}, {"model": "auth.permission", "pk": 177, "fields": {"name": "Can change session", "content_type": 44, "codename": "change_session"}}, {"model": "auth.permission", "pk": 178, "fields": {"name": "Can delete session", "content_type": 44, "codename": "delete_session"}}, {"model": "auth.permission", "pk": 179, "fields": {"name": "Can view session", "content_type": 44, "codename": "view_session"}}, {"model": "auth.permission", "pk": 180, "fields": {"name": "Can add page home", "content_type": 45, "codename": "add_pagehome"}}, {"model": "auth.permission", "pk": 181, "fields": {"name": "Can change page home", "content_type": 45, "codename": "change_pagehome"}}, {"model": "auth.permission", "pk": 182, "fields": {"name": "Can delete page home", "content_type": 45, "codename": "delete_pagehome"}}, {"model": "auth.permission", "pk": 183, "fields": {"name": "Can view page home", "content_type": 45, "codename": "view_pagehome"}}, {"model": "auth.permission", "pk": 184, "fields": {"name": "Can submit translations", "content_type": 46, "codename": "submit_translation"}}, {"model": "auth.permission", "pk": 185, "fields": {"name": "Can add navigation settings", "content_type": 47, "codename": "add_navigationsettings"}}, {"model": "auth.permission", "pk": 186, "fields": {"name": "Can change navigation settings", "content_type": 47, "codename": "change_navigationsettings"}}, {"model": "auth.permission", "pk": 187, "fields": {"name": "Can delete navigation settings", "content_type": 47, "codename": "delete_navigationsettings"}}, {"model": "auth.permission", "pk": 188, "fields": {"name": "Can view navigation settings", "content_type": 47, "codename": "view_navigationsettings"}}, {"model": "auth.permission", "pk": 189, "fields": {"name": "Can add footer text", "content_type": 48, "codename": "add_footertext"}}, {"model": "auth.permission", "pk": 190, "fields": {"name": "Can change footer text", "content_type": 48, "codename": "change_footertext"}}, {"model": "auth.permission", "pk": 191, "fields": {"name": "Can delete footer text", "content_type": 48, "codename": "delete_footertext"}}, {"model": "auth.permission", "pk": 192, "fields": {"name": "Can view footer text", "content_type": 48, "codename": "view_footertext"}}, {"model": "auth.permission", "pk": 193, "fields": {"name": "Can add blog index page", "content_type": 49, "codename": "add_blogindexpage"}}, {"model": "auth.permission", "pk": 194, "fields": {"name": "Can change blog index page", "content_type": 49, "codename": "change_blogindexpage"}}, {"model": "auth.permission", "pk": 195, "fields": {"name": "Can delete blog index page", "content_type": 49, "codename": "delete_blogindexpage"}}, {"model": "auth.permission", "pk": 196, "fields": {"name": "Can view blog index page", "content_type": 49, "codename": "view_blogindexpage"}}, {"model": "auth.permission", "pk": 197, "fields": {"name": "Can add blog page", "content_type": 50, "codename": "add_blogpage"}}, {"model": "auth.permission", "pk": 198, "fields": {"name": "Can change blog page", "content_type": 50, "codename": "change_blogpage"}}, {"model": "auth.permission", "pk": 199, "fields": {"name": "Can delete blog page", "content_type": 50, "codename": "delete_blogpage"}}, {"model": "auth.permission", "pk": 200, "fields": {"name": "Can view blog page", "content_type": 50, "codename": "view_blogpage"}}, {"model": "auth.permission", "pk": 201, "fields": {"name": "Can add blog page gallery image", "content_type": 51, "codename": "add_blogpagegalleryimage"}}, {"model": "auth.permission", "pk": 202, "fields": {"name": "Can change blog page gallery image", "content_type": 51, "codename": "change_blogpagegalleryimage"}}, {"model": "auth.permission", "pk": 203, "fields": {"name": "Can delete blog page gallery image", "content_type": 51, "codename": "delete_blogpagegalleryimage"}}, {"model": "auth.permission", "pk": 204, "fields": {"name": "Can view blog page gallery image", "content_type": 51, "codename": "view_blogpagegalleryimage"}}, {"model": "auth.permission", "pk": 205, "fields": {"name": "Can add author", "content_type": 52, "codename": "add_author"}}, {"model": "auth.permission", "pk": 206, "fields": {"name": "Can change author", "content_type": 52, "codename": "change_author"}}, {"model": "auth.permission", "pk": 207, "fields": {"name": "Can delete author", "content_type": 52, "codename": "delete_author"}}, {"model": "auth.permission", "pk": 208, "fields": {"name": "Can view author", "content_type": 52, "codename": "view_author"}}, {"model": "auth.permission", "pk": 209, "fields": {"name": "Can add blog page tag", "content_type": 53, "codename": "add_blogpagetag"}}, {"model": "auth.permission", "pk": 210, "fields": {"name": "Can change blog page tag", "content_type": 53, "codename": "change_blogpagetag"}}, {"model": "auth.permission", "pk": 211, "fields": {"name": "Can delete blog page tag", "content_type": 53, "codename": "delete_blogpagetag"}}, {"model": "auth.permission", "pk": 212, "fields": {"name": "Can view blog page tag", "content_type": 53, "codename": "view_blogpagetag"}}, {"model": "auth.permission", "pk": 213, "fields": {"name": "Can add blog tag index page", "content_type": 54, "codename": "add_blogtagindexpage"}}, {"model": "auth.permission", "pk": 214, "fields": {"name": "Can change blog tag index page", "content_type": 54, "codename": "change_blogtagindexpage"}}, {"model": "auth.permission", "pk": 215, "fields": {"name": "Can delete blog tag index page", "content_type": 54, "codename": "delete_blogtagindexpage"}}, {"model": "auth.permission", "pk": 216, "fields": {"name": "Can view blog tag index page", "content_type": 54, "codename": "view_blogtagindexpage"}}, {"model": "auth.permission", "pk": 217, "fields": {"name": "Can add project index page", "content_type": 55, "codename": "add_projectindexpage"}}, {"model": "auth.permission", "pk": 218, "fields": {"name": "Can change project index page", "content_type": 55, "codename": "change_projectindexpage"}}, {"model": "auth.permission", "pk": 219, "fields": {"name": "Can delete project index page", "content_type": 55, "codename": "delete_projectindexpage"}}, {"model": "auth.permission", "pk": 220, "fields": {"name": "Can view project index page", "content_type": 55, "codename": "view_projectindexpage"}}, {"model": "auth.permission", "pk": 221, "fields": {"name": "Can add project page", "content_type": 56, "codename": "add_projectpage"}}, {"model": "auth.permission", "pk": 222, "fields": {"name": "Can change project page", "content_type": 56, "codename": "change_projectpage"}}, {"model": "auth.permission", "pk": 223, "fields": {"name": "Can delete project page", "content_type": 56, "codename": "delete_projectpage"}}, {"model": "auth.permission", "pk": 224, "fields": {"name": "Can view project page", "content_type": 56, "codename": "view_projectpage"}}, {"model": "auth.permission", "pk": 225, "fields": {"name": "Can publish footer text", "content_type": 48, "codename": "publish_footertext"}}, {"model": "auth.permission", "pk": 226, "fields": {"name": "Can add project page tag", "content_type": 57, "codename": "add_projectpagetag"}}, {"model": "auth.permission", "pk": 227, "fields": {"name": "Can change project page tag", "content_type": 57, "codename": "change_projectpagetag"}}, {"model": "auth.permission", "pk": 228, "fields": {"name": "Can delete project page tag", "content_type": 57, "codename": "delete_projectpagetag"}}, {"model": "auth.permission", "pk": 229, "fields": {"name": "Can view project page tag", "content_type": 57, "codename": "view_projectpagetag"}}, {"model": "auth.group", "pk": 1, "fields": {"name": "Moderators", "permissions": [1, 102, 103, 105, 104, 106, 107, 109, 108]}}, {"model": "auth.group", "pk": 2, "fields": {"name": "Editors", "permissions": [1, 102, 103, 105, 104, 106, 107, 109, 108]}}, {"model": "auth.user", "pk": 1, "fields": {"password": "pbkdf2_sha256$870000$ONXLSTYC21bYfqlE2Cwcy3$7bvfNxxmR+ABvpV8JSXNmzxnfehYGwKYPtdLVqZFiQM=", "last_login": "2025-02-19T12:38:05.757Z", "is_superuser": true, "username": "admin", "first_name": "", "last_name": "", "email": "chris@mann.fr", "is_staff": true, "is_active": true, "date_joined": "2025-01-20T08:55:11.646Z", "groups": [], "user_permissions": []}}, {"model": "contenttypes.contenttype", "pk": 1, "fields": {"app_label": "wagtailcore", "model": "page"}}, {"model": "contenttypes.contenttype", "pk": 2, "fields": {"app_label": "home", "model": "homepage"}}, {"model": "contenttypes.contenttype", "pk": 3, "fields": {"app_label": "wagtailadmin", "model": "admin"}}, {"model": "contenttypes.contenttype", "pk": 4, "fields": {"app_label": "wagtailcore", "model": "groupapprovaltask"}}, {"model": "contenttypes.contenttype", "pk": 5, "fields": {"app_label": "wagtailcore", "model": "locale"}}, {"model": "contenttypes.contenttype", "pk": 6, "fields": {"app_label": "wagtailcore", "model": "site"}}, {"model": "contenttypes.contenttype", "pk": 7, "fields": {"app_label": "wagtailcore", "model": "modellogentry"}}, {"model": "contenttypes.contenttype", "pk": 8, "fields": {"app_label": "wagtailcore", "model": "collectionviewrestriction"}}, {"model": "contenttypes.contenttype", "pk": 9, "fields": {"app_label": "wagtailcore", "model": "collection"}}, {"model": "contenttypes.contenttype", "pk": 10, "fields": {"app_label": "wagtailcore", "model": "groupcollectionpermission"}}, {"model": "contenttypes.contenttype", "pk": 11, "fields": {"app_label": "wagtailcore", "model": "uploadedfile"}}, {"model": "contenttypes.contenttype", "pk": 12, "fields": {"app_label": "wagtailcore", "model": "referenceindex"}}, {"model": "contenttypes.contenttype", "pk": 13, "fields": {"app_label": "wagtailcore", "model": "revision"}}, {"model": "contenttypes.contenttype", "pk": 14, "fields": {"app_label": "wagtailcore", "model": "grouppagepermission"}}, {"model": "contenttypes.contenttype", "pk": 15, "fields": {"app_label": "wagtailcore", "model": "pageviewrestriction"}}, {"model": "contenttypes.contenttype", "pk": 16, "fields": {"app_label": "wagtailcore", "model": "workflowpage"}}, {"model": "contenttypes.contenttype", "pk": 17, "fields": {"app_label": "wagtailcore", "model": "workflowcontenttype"}}, {"model": "contenttypes.contenttype", "pk": 18, "fields": {"app_label": "wagtailcore", "model": "workflowtask"}}, {"model": "contenttypes.contenttype", "pk": 19, "fields": {"app_label": "wagtailcore", "model": "task"}}, {"model": "contenttypes.contenttype", "pk": 20, "fields": {"app_label": "wagtailcore", "model": "workflow"}}, {"model": "contenttypes.contenttype", "pk": 21, "fields": {"app_label": "wagtailcore", "model": "workflowstate"}}, {"model": "contenttypes.contenttype", "pk": 22, "fields": {"app_label": "wagtailcore", "model": "taskstate"}}, {"model": "contenttypes.contenttype", "pk": 23, "fields": {"app_label": "wagtailcore", "model": "pagelogentry"}}, {"model": "contenttypes.contenttype", "pk": 24, "fields": {"app_label": "wagtailcore", "model": "comment"}}, {"model": "contenttypes.contenttype", "pk": 25, "fields": {"app_label": "wagtailcore", "model": "commentreply"}}, {"model": "contenttypes.contenttype", "pk": 26, "fields": {"app_label": "wagtailcore", "model": "pagesubscription"}}, {"model": "contenttypes.contenttype", "pk": 27, "fields": {"app_label": "wagtaildocs", "model": "document"}}, {"model": "contenttypes.contenttype", "pk": 28, "fields": {"app_label": "wagtailimages", "model": "image"}}, {"model": "contenttypes.contenttype", "pk": 29, "fields": {"app_label": "wagtailforms", "model": "formsubmission"}}, {"model": "contenttypes.contenttype", "pk": 30, "fields": {"app_label": "wagtailredirects", "model": "redirect"}}, {"model": "contenttypes.contenttype", "pk": 31, "fields": {"app_label": "wagtailembeds", "model": "embed"}}, {"model": "contenttypes.contenttype", "pk": 32, "fields": {"app_label": "wagtailusers", "model": "userprofile"}}, {"model": "contenttypes.contenttype", "pk": 33, "fields": {"app_label": "wagtailimages", "model": "rendition"}}, {"model": "contenttypes.contenttype", "pk": 34, "fields": {"app_label": "wagtailsearch", "model": "indexentry"}}, {"model": "contenttypes.contenttype", "pk": 35, "fields": {"app_label": "wagtailsearch", "model": "sqliteftsindexentry"}}, {"model": "contenttypes.contenttype", "pk": 36, "fields": {"app_label": "wagtailadmin", "model": "editingsession"}}, {"model": "contenttypes.contenttype", "pk": 37, "fields": {"app_label": "taggit", "model": "tag"}}, {"model": "contenttypes.contenttype", "pk": 38, "fields": {"app_label": "taggit", "model": "taggeditem"}}, {"model": "contenttypes.contenttype", "pk": 39, "fields": {"app_label": "admin", "model": "logentry"}}, {"model": "contenttypes.contenttype", "pk": 40, "fields": {"app_label": "auth", "model": "permission"}}, {"model": "contenttypes.contenttype", "pk": 41, "fields": {"app_label": "auth", "model": "group"}}, {"model": "contenttypes.contenttype", "pk": 42, "fields": {"app_label": "auth", "model": "user"}}, {"model": "contenttypes.contenttype", "pk": 43, "fields": {"app_label": "contenttypes", "model": "contenttype"}}, {"model": "contenttypes.contenttype", "pk": 44, "fields": {"app_label": "sessions", "model": "session"}}, {"model": "contenttypes.contenttype", "pk": 45, "fields": {"app_label": "wagtailresdigitacom", "model": "pagehome"}}, {"model": "contenttypes.contenttype", "pk": 46, "fields": {"app_label": "simple_translation", "model": "simpletranslation"}}, {"model": "contenttypes.contenttype", "pk": 47, "fields": {"app_label": "base", "model": "navigationsettings"}}, {"model": "contenttypes.contenttype", "pk": 48, "fields": {"app_label": "base", "model": "footertext"}}, {"model": "contenttypes.contenttype", "pk": 49, "fields": {"app_label": "blog", "model": "blogindexpage"}}, {"model": "contenttypes.contenttype", "pk": 50, "fields": {"app_label": "blog", "model": "blogpage"}}, {"model": "contenttypes.contenttype", "pk": 51, "fields": {"app_label": "blog", "model": "blogpagegalleryimage"}}, {"model": "contenttypes.contenttype", "pk": 52, "fields": {"app_label": "blog", "model": "author"}}, {"model": "contenttypes.contenttype", "pk": 53, "fields": {"app_label": "blog", "model": "blogpagetag"}}, {"model": "contenttypes.contenttype", "pk": 54, "fields": {"app_label": "blog", "model": "blogtagindexpage"}}, {"model": "contenttypes.contenttype", "pk": 55, "fields": {"app_label": "project", "model": "projectindexpage"}}, {"model": "contenttypes.contenttype", "pk": 56, "fields": {"app_label": "project", "model": "projectpage"}}, {"model": "contenttypes.contenttype", "pk": 57, "fields": {"app_label": "project", "model": "projectpagetag"}}, {"model": "sessions.session", "pk": "6h4jsqm3x28l419ugvg4e2cxt9v2njmd", "fields": {"session_data": ".eJxVjMsOwiAQRf-FtSFDWl5duvcbCEMHQQ2Y0iYa478rSRe6vefc82LOb2tyW6PF5ZlNTLDD74Y-XKl0MF98OVcealmXjLwrfKeNn-pMt-Pu_gWSb-n7DmSMjEDRDKM3FARYUhEFSjtahQo0aKGtBQPBo6CBgtRGykEjYBxVjzZqLdfi6HHPy5NN8P4AhDI-xA:1tkjL3:dBsJffcaoq3dqaNkStnnEcPG_q1-3L_7-pEfPOmzAWI", "expire_date": "2025-03-05T12:38:05.763Z"}}, {"model": "sessions.session", "pk": "xbtylk2bv5ukz8m35vqiddzmkpg2453w", "fields": {"session_data": ".eJxVjMsOwiAURP-FtSHlFi6lS_d-A7k8alEDTWkTjfHfbZMudJYzZ86bWVqX0a41zjYF1jPBTr-dI3-PeR_CjfK1cF_yMifHd4Qfa-WXEuLjfLB_gpHquL3jFm0MdQM2iAgkSA5uQGm8AuVIom4BghaEHjojQCGqVhrQHXlozC6tsdZUso3PKc0v1jefL3cWPjQ:1tZnZr:StLqheAPePeKFJU5ZzYJW8n_ObG8-nGiQHGlEHZLZUY", "expire_date": "2025-02-03T08:56:11.283Z"}}, {"model": "sessions.session", "pk": "xx9cg19ha4g07lu12js1bvnbwn6xnnih", "fields": {"session_data": ".eJzVUl1vm0AQ_C9I5iWxZQ44IBIPdly3joIdx46aporQcSzmbLhzuXMCrfrfe9huPtr0rQ8tQmiZmV2NduebEZOdyuOdhCpmqXFmWMbpSywhdAO8JdI14SvRo4KriiW9VtI7srIXiRSK4VH7akBOZK67QT9eEBA_w32MMSIWcbIkw05AXeQmxMGejVDqWQRT5AcWcjF2bSdAnk8o6gftUAlSMsFjqLesaoyz_qnxSFaKsKK7reCBwWMXG2efDSrKEriKuVAsY5Qo3SRDwU0qq6xkaVrAI6lACe02_OjV5YZLvpmfu4N3omzWd66FPzUqublKoizJ_ZkoBmO_LhdivFnOHy4ubn1_TstbVsIIPJNDrUJTMVVAuASpThZMgdmuSXsIO96wg1BSCLqRuujYg447PIAbaI4IQqz-ul63f-hcf5Ue-UTtZ16RFXSQ9axotvCk2HGpmgLSJzaFrcoPdP-AMF4wDotWdq3PCC-8uKODRLtlqvkTmxJFjqg2743a93VnRLa_CExZ7Fah0v5NCSI-rEiXpKJ5nIKkFdu2twnN48VkdzlbDi7j8ew6WoT9Z3gynSwnbxHRZBpPb6I3iMHtC8JcibhgDxATfap9fPalcWp5tu_42HG8HnKswPbx_e-h8vaheiM7BSVfslGB0GUDo1F-Nxvn06hp7Cs-7E8XO_o-reRq3kyzfFZP1pG6dK3xcvDlwyS4q-cXyn-VnTY2Jymc7Pf19-LTJufn2P84Qd2s-udD5Nq9wPcC373__gP6pa5n:1teVk5:W49rzS8trnKO0KS3vrHcOcVWLeu0vv5MN7MGrOiV01s", "expire_date": "2025-02-16T08:54:13.988Z"}}]